unixtime;low;high;open;close;volume;intervallStart_datetime;typical_price;macd;macd_delta_absolute;macd_delta_percentage;mfi;mfi_delta_absolute;mfi_delta_percentage;trend_1_intervall;trend_2_intervall;trend_3_intervall;Signal;
1514127600;12050;12299;12291,54;12231,03;14,8106078;24.12.2017 16:00;12193,34333;37,24425849;35,37084685;18,88044576;71,2407842;9,089779723;0,146253143;DOWN;DOWN;DOWN;0;
1514128500;12022,03;12233,62;12231,04;12091,71;16,26906954;24.12.2017 16:15;12115,78667;61,07149721;23,82723873;0,639756024;65,72195379;-5,518830408;-0,077467289;DOWN;DOWN;DOWN;0;
1514129400;11876,05;12150;12091,71;12042,61;18,38328374;24.12.2017 16:30;12022,88667;76,40427407;15,33277685;0,251062731;58,50338385;-7,218569938;-0,109834987;DOWN;DOWN;UP;0;
1514130300;11700;12085,02;12042,6;11819,98;23,68741479;24.12.2017 16:45;11868,33333;66,18763534;-10,21663873;-0,133718157;59,99897377;1,495589922;0,025564161;UP;UP;UP;0;
1514131200;11819,97;12100;11819,98;12100;18,20369245;24.12.2017 17:00;12006,65667;75,78087717;9,593241827;0,14494009;68,36130083;8,362327056;0,139374501;UP;UP;UP;0;
1514132100;11965,2;12130;12100;12057,79;10,43069199;24.12.2017 17:15;12050,99667;72,61724883;-3,16362834;-0,041747054;66,53628135;-1,825019482;-0,026696676;UP;DOWN;DOWN;0;
1514133000;12041,22;12130,11;12057,79;12076,36;13,76366264;24.12.2017 17:30;12082,56333;71,34815932;-1,269089506;-0,01747642;64,65296194;-1,883319414;-0,02830515;DOWN;DOWN;DOWN;0;
1514133900;11953,38;12076,9;12076,9;12003,15;12,01031086;24.12.2017 17:45;12011,14333;58,73533258;-12,61282674;-0,176778586;55,545832;-9,107129934;-0,140861759;UP;DOWN;DOWN;0;
1514134800;12003,15;12091,01;12003,15;12029,81;14,69409926;24.12.2017 18:00;12041,32333;54,13452739;-4,600805185;-0,078331134;64,51694884;8,971116838;0,161508371;DOWN;DOWN;DOWN;0;
1514135700;11966,5;12029,84;12029,81;11979,35;8,62932773;24.12.2017 18:15;11991,89667;46,4470446;-7,687482794;-0,142007018;56,64491895;-7,872029894;-0,122014913;DOWN;DOWN;DOWN;0;
1514136600;11923,34;11973,6;11954,54;11923,34;10,63936774;24.12.2017 18:30;11940,09333;34,09472281;-12,35232179;-0,265944193;50,72507043;-5,919848514;-0,104508023;DOWN;DOWN;DOWN;0;
1514137500;11869,11;11955,5;11923,35;11869,12;10,29062548;24.12.2017 18:45;11897,91;6,473249491;-27,62147332;-0,810139255;52,9643438;2,239273372;0,044145298;DOWN;DOWN;DOWN;0;
1514138400;11707;11900;11869,12;11800;19,78838485;24.12.2017 19:00;11802,33333;-24,80834622;-31,28159571;-4,832440917;46,21041834;-6,753925459;-0,127518345;UP;UP;DOWN;0;
1514139300;11664,03;11900;11800,01;11900;14,87081645;24.12.2017 19:15;11821,34333;-32,17182127;-7,363475053;-0,296814426;47,83662171;1,626203364;0,035191271;UP;DOWN;DOWN;0;
1514140200;11809,06;11933,12;11900;11849,51;11,0338381;24.12.2017 19:30;11863,89667;-40,69794834;-8,526127068;-0,265018477;47,65717631;-0,179445394;-0,003751214;DOWN;DOWN;DOWN;0;
1514141100;11704;11850;11849,51;11737,6;9,39013232;24.12.2017 19:45;11763,86667;-56,14801701;-15,45006867;-0,379627704;48,63395053;0,976774213;0,020495847;DOWN;DOWN;DOWN;0;
1514142000;11651;11738,3;11737,6;11685,86;11,81700556;24.12.2017 20:00;11691,72;-80,67025693;-24,52223992;-0,43674276;50,4366947;1,802744169;0,037067607;UP;UP;DOWN;0;
1514142900;11600;11748,52;11682,96;11748,03;16,81858723;24.12.2017 20:15;11698,85;-91,6419488;-10,97169187;-0,136006656;58,41785382;7,981159124;0,158241121;DOWN;DOWN;UP;0;
1514143800;11650;11750;11748,02;11678,82;14,50981942;24.12.2017 20:30;11692,94;-103,0204252;-11,3784764;-0,124162314;47,73559224;-10,68226158;-0,182859535;DOWN;UP;UP;0;
1514144700;11450;11722,71;11678,82;11597,88;9,36141486;24.12.2017 20:45;11590,19667;-114,510016;-11,48959081;-0,111527309;38,53329355;-9,202298686;-0,192776464;UP;UP;UP;0;
1514145600;11597,87;11846,57;11597,88;11803,61;12,56305331;24.12.2017 21:00;11749,35;-104,7866882;9,723327828;0,084912466;38,03087853;-0,502415025;-0,013038466;UP;UP;UP;1;
1514146500;11663;11810;11787,75;11809,98;15,20182608;24.12.2017 21:15;11760,99333;-93,03345949;11,7532287;0,112163376;45,44939025;7,41851172;0,195065484;UP;UP;UP;0;
1514147400;11809,97;11947;11809,98;11875;11,98942597;24.12.2017 21:30;11877,32333;-76,19256291;16,84089658;0,181019782;46,33788874;0,888498495;0,019549184;UP;UP;UP;0;
1514148300;11870,88;12130,11;11878,8;12086,01;14,0171081;24.12.2017 21:45;12029;-41,95486148;34,23770142;0,449357524;53,93324727;7,59535853;0,163912486;UP;DOWN;DOWN;0;
1514149200;11950,01;12087,53;12086,01;12072,27;15,90089605;24.12.2017 22:00;12036,60333;-14,47512363;27,47973786;0,654983401;60,13991072;6,206663452;0,11508047;DOWN;DOWN;DOWN;0;
1514150100;11866,18;12080;12068,93;11944,6;14,63615349;24.12.2017 22:15;11963,59333;-2,582236647;11,89288698;0,821608664;58,39254706;-1,747363659;-0,029054976;UP;UP;DOWN;0;
1514151000;11944,61;12063,98;11944,61;12049,99;6,72394692;24.12.2017 22:30;12019,52667;17,68168559;20,26392223;7,847430351;64,757996;6,365448932;0,109011325;DOWN;DOWN;DOWN;0;
1514151900;11907,6;12050;12050;11941,62;9,18958811;24.12.2017 22:45;11966,40667;25,11616333;7,434477741;0,420462048;58,3917525;-6,366243495;-0,098308223;DOWN;DOWN;UP;0;
1514152800;11883,87;12020;11941,63;11883,87;13,40138496;24.12.2017 23:00;11929,24667;26,6334266;1,517263267;0,060409834;51,6886638;-6,703088701;-0,114795128;UP;UP;UP;0;
1514153700;11883,86;12000,6;11883,87;11992,9;9,93116356;24.12.2017 23:15;11959,12;34,1317886;7,498362003;0,281539515;58,66123363;6,972569833;0,134895533;UP;UP;UP;0;
1514154600;11985,44;12016,62;11999;12006;8,20448209;24.12.2017 23:30;12002,68667;45,85145191;11,71966331;0,34336505;64,12022934;5,458995708;0,093059681;UP;UP;UP;0;
1514155500;12005,99;12228;12006;12170,27;22,79966107;24.12.2017 23:45;12134,75333;71,84483002;25,99337811;0,566904144;63,42453213;-0,695697208;-0,010849886;UP;UP;UP;0;
1514156400;12170,27;12337,31;12170,27;12326,09;27,41106823;25.12.2017 00:00;12277,89;101,8516204;30,00679034;0,417661094;74,05098549;10,62645336;0,167544844;UP;UP;UP;0;
1514157300;12228,57;12490;12326,09;12394,26;13,9701879;25.12.2017 00:15;12370,94333;129,9634542;28,11183388;0,276007724;83,33662987;9,285644371;0,125395284;DOWN;UP;UP;0;
1514158200;12187,47;12483,19;12394,25;12365,42;18,4167199;25.12.2017 00:30;12345,36;146,9411934;16,97773914;0,130634718;76,46145543;-6,875174431;-0,08249883;UP;UP;UP;0;
1514159100;12335,24;12661,6;12367,78;12507,68;18,83396489;25.12.2017 00:45;12501,50667;166,3103699;19,36917654;0,131815838;77,23158967;0,770134232;0,010072189;UP;DOWN;UP;0;
1514160000;12495,46;12640;12525,66;12629,13;15,95328041;25.12.2017 01:00;12588,19667;190,2682618;23,95789193;0,14405531;77,74883988;0,517250214;0,006697392;DOWN;DOWN;UP;0;
1514160900;12334,99;12629,79;12629,13;12510;12,44280676;25.12.2017 01:15;12491,59333;198,0538512;7,785589322;0,040919012;70,39094345;-7,357896429;-0,094636736;UP;UP;UP;2;1
1514161800;12509,99;12621,53;12510;12621,53;8,27807124;25.12.2017 01:30;12584,35;208,7099022;10,65605107;0,053803806;70,23725729;-0,15368616;-0,002183323;UP;DOWN;DOWN;0;
1514162700;12621,51;12650;12621,52;12649,99;20,97160783;25.12.2017 01:45;12640,5;220,6064559;11,89655365;0,057000427;76,98338519;6,7461279;0,096047713;DOWN;DOWN;DOWN;0;
1514163600;12453,1;12665;12649,98;12459,09;24,43551823;25.12.2017 02:00;12525,73;210,5421354;-10,06432051;-0,045621151;67,37077504;-9,612610147;-0,124866036;DOWN;DOWN;DOWN;0;
1514164500;12453,1;12563,16;12457,58;12468,32;9,46501179;25.12.2017 02:15;12494,86;197,1352444;-13,40689103;-0,063677947;61,88734595;-5,483429091;-0,081391807;DOWN;DOWN;DOWN;0;
1514165400;12324,52;12460,15;12460,01;12458,79;8,28166987;25.12.2017 02:30;12414,48667;182,1352337;-15,00001061;-0,076089949;61,70234889;-0,184997064;-0,002989255;DOWN;DOWN;DOWN;0;
1514166300;12300;12500;12458,79;12300;5,9051945;25.12.2017 02:45;12366,66667;149,8880788;-32,24715495;-0,177050614;57,11705007;-4,585298823;-0,074313197;DOWN;DOWN;DOWN;0;
1514167200;12252;12318,1;12300;12318,1;8,86518957;25.12.2017 03:00;12296,06667;119,2961252;-30,59195361;-0,204098644;53,65122853;-3,465821539;-0,060679281;UP;DOWN;DOWN;0;
1514168100;12318,09;12318,1;12318,1;12318,1;7,32477572;25.12.2017 03:15;12318,09667;90,24537754;-29,05074765;-0,243517948;53,8331157;0,181887176;0,003390177;DOWN;DOWN;DOWN;0;
1514169000;12200;12318,1;12318,09;12200;17,21081188;25.12.2017 03:30;12239,36667;57,22935146;-33,01602608;-0,365847282;46,77292811;-7,06018759;-0,131149526;DOWN;DOWN;DOWN;0;
1514169900;12100;12250,4;12200;12156,66;6,33203783;25.12.2017 03:45;12169,02;22,38333768;-34,84601378;-0,608883604;35,06322328;-11,70970484;-0,250352187;UP;DOWN;DOWN;0;
1514170800;12128,21;12264,99;12156,66;12132,81;9,87672539;25.12.2017 04:00;12175,33667;-10,76656736;-33,14990504;-1,481008128;39,92532573;4,862102454;0,138666728;DOWN;DOWN;DOWN;0;
1514171700;12100;12132,82;12132,81;12100,06;7,80688526;25.12.2017 04:15;12110,96;-35,67665467;-24,91008731;-2,31365174;31,41201199;-8,51331374;-0,213230915;UP;DOWN;DOWN;0;
1514172600;12100;12179,4;12100,06;12100;3,25934807;25.12.2017 04:30;12126,46667;-58,37469966;-22,698045;-0,636215621;26,64523937;-4,766772626;-0,151749994;DOWN;DOWN;UP;0;
1514173500;12010,01;12102,37;12102,36;12010,01;5,70986768;25.12.2017 04:45;12040,79667;-86,91948249;-28,54478282;-0,488992371;28,94830748;2,303068117;0,086434507;UP;UP;UP;0;
1514174400;12000,01;12133,28;12010,01;12133,27;6,56151698;25.12.2017 05:00;12088,85333;-92,3949601;-5,475477611;-0,062994825;25,48731089;-3,46099659;-0,119557822;UP;UP;UP;1;
1514175300;12133,28;12296,12;12133,28;12296,1;1,6756666;25.12.2017 05:15;12241,83333;-82,83093195;9,564028143;0,103512444;24,4318834;-1,055427494;-0,04140992;UP;UP;UP;0;
1514176200;12241,08;12400;12296,1;12304,81;5,74534215;25.12.2017 05:30;12315,29667;-74,96887837;7,862053586;0,094916879;29,74757266;5,315689258;0,217571817;UP;DOWN;DOWN;0;
1514177100;12302,02;12482,09;12304,83;12377,83;4,54580743;25.12.2017 05:45;12387,31333;-57,18398894;17,78488943;0,237230299;40,78982932;11,04225666;0,371198578;DOWN;DOWN;DOWN;0;
1514178000;12227,67;12377,84;12377,83;12237,71;3,76337656;25.12.2017 06:00;12281,07333;-56,33874863;0,845240311;0,014781066;42,87357814;2,083748819;0,05108501;DOWN;DOWN;DOWN;0;
1514178900;12170,19;12248,3;12234,16;12248,3;2,47952182;25.12.2017 06:15;12222,26333;-52,71179113;3,6269575;0,064377672;44,97224946;2,098671327;0,048950226;DOWN;DOWN;UP;0;
1514179800;12137,43;12249,21;12248,3;12137,43;2,21190518;25.12.2017 06:30;12174,69;-55,11502666;-2,40323553;-0,045591991;46,69781567;1,725566208;0,038369577;DOWN;UP;UP;0;
1514180700;12100,1;12178,14;12157,09;12150;1,66185897;25.12.2017 06:45;12142,74667;-53,15899743;1,95602923;0,035489944;39,84488903;-6,852926647;-0,146750475;UP;UP;UP;0;
1514181600;12149,99;12344,64;12150;12344,64;3,71805042;25.12.2017 07:00;12279,75667;-32,42557968;20,73341774;0,390026501;44,84741513;5,002526103;0,125550007;UP;DOWN;DOWN;0;
1514182500;12320;12343,04;12340;12320;1,86510622;25.12.2017 07:15;12327,68;-15,23762391;17,18795578;0,530073971;59,87297064;15,02555551;0,33503727;DOWN;DOWN;UP;0;
1514183400;12158,27;12320,01;12320,01;12158,27;6,80094735;25.12.2017 07:30;12212,18333;-14,36726214;0,870361764;0,057119258;53,85269918;-6,020271458;-0,100550739;DOWN;UP;UP;0;
1514184300;12153,14;12245,99;12158,27;12211,01;4,03323955;25.12.2017 07:45;12203,38;-6,944070483;7,423191659;0,51667406;56,69389271;2,841193526;0,052758609;UP;UP;UP;0;
1514185200;12211,01;12462,28;12211,01;12397,07;5,92114325;25.12.2017 08:00;12356,78667;15,32362652;22,26769701;3,206721052;53,71835763;-2,975535075;-0,052484226;DOWN;UP;UP;0;
1514186100;12300;12416,93;12397,07;12300;7,44902995;25.12.2017 08:15;12338,97667;20,94861345;5,624986924;0,367079354;51,11198495;-2,606372681;-0,048519218;UP;UP;UP;0;
1514187000;12277,3;12444;12300;12364,81;4,91992567;25.12.2017 08:30;12362,03667;29,29976101;8,35114756;0,398649179;52,69229324;1,580308291;0,030918547;UP;UP;UP;0;
1514187900;12335,39;12458,54;12364,81;12412,02;6,60371712;25.12.2017 08:45;12401,98333;38,49124452;9,191483513;0,313705068;51,43843547;-1,25385777;-0,023795847;DOWN;DOWN;UP;0;
1514188800;12337,16;12480;12412,11;12337,23;6,79675065;25.12.2017 09:00;12384,79667;41,76915723;3,277912713;0,085159957;44,57936101;-6,859074462;-0,133345317;DOWN;UP;UP;0;
1514189700;12337,23;12414,91;12337,23;12395,54;6,33978234;25.12.2017 09:15;12382,56;47,53472385;5,765566616;0,138034066;34,64996054;-9,92940047;-0,22273537;UP;UP;UP;0;
1514190600;12395,54;12524,48;12395,54;12524,48;9,09038787;25.12.2017 09:30;12481,5;66,34699692;18,81227307;0,395758543;43,55689041;8,906929875;0,257054546;UP;UP;UP;0;
1514191500;12524,47;12686,59;12524,48;12678,41;15,75739098;25.12.2017 09:45;12629,82333;94,53119731;28,18420039;0,424799941;53,31855205;9,76166164;0,224112914;UP;DOWN;DOWN;0;
1514192400;12587,34;12850;12680;12600,87;19,5176184;25.12.2017 10:00;12679,40333;102,6569708;8,125773515;0,085958644;63,89684425;10,5782922;0,198397964;DOWN;DOWN;DOWN;2;1
1514193300;12537,94;12677,72;12600,36;12657,07;12,6807488;25.12.2017 10:15;12624,24333;112,8604267;10,20345588;0,099393697;52,63702452;-11,25981973;-0,176218714;DOWN;DOWN;DOWN;0;
1514194200;12510;12657,01;12657;12510,19;14,00189615;25.12.2017 10:30;12559,06667;109,3383913;-3,522035402;-0,031207001;45,89422253;-6,742801992;-0,128099984;DOWN;DOWN;UP;0;
1514195100;12373,82;12510,19;12510,19;12373,83;11,77719006;25.12.2017 10:45;12419,28;91,07803228;-18,26035902;-0,167007753;38,96687992;-6,927342612;-0,150941496;UP;UP;UP;0;
1514196000;12373,82;12600;12373,83;12553;17,42312549;25.12.2017 11:00;12508,94;87,58679847;-3,491233818;-0,038332337;44,93862035;5,971740434;0,153251696;UP;UP;UP;0;
1514196900;12552,99;12630;12553;12552,99;11,0705766;25.12.2017 11:15;12578,66;84,60473023;-2,982068236;-0,034047006;53,77826219;8,839641843;0,196704789;DOWN;UP;UP;0;
1514197800;12471,65;12671,77;12553;12575,01;9,17709938;25.12.2017 11:30;12572,81;82,68979702;-1,914933209;-0,022633879;48,55649365;-5,221768546;-0,097098127;UP;UP;UP;0;
1514198700;12570;12629,4;12575,01;12620,82;7,79201361;25.12.2017 11:45;12606,74;84,80905449;2,119257472;0,025629008;53,51892092;4,962427276;0,102199045;UP;UP;UP;0;
1514199600;12620;12690;12620,82;12637,21;10,98806808;25.12.2017 12:00;12649,07;88,69719422;3,888139733;0,045845809;53,67201546;0,153094532;0,002860568;DOWN;UP;UP;1;
1514200500;12587,85;12637,21;12637,21;12622,28;10,31113066;25.12.2017 12:15;12615,78;88,74602855;0,048834323;0,000550573;48,52432504;-5,147690414;-0,095910138;UP;UP;UP;0;
1514201400;12611,4;12800;12622,27;12800;22,79357717;25.12.2017 12:30;12737,13333;99,40428037;10,65825182;0,120098353;53,7427749;5,218449857;0,107542966;UP;UP;UP;0;
1514202300;12700;12850;12800;12776,31;20,31652969;25.12.2017 12:45;12775,43667;100,362041;0,957760646;0,009635004;61,7190658;7,976290905;0,14841606;UP;UP;UP;0;
1514203200;12752,1;12841,78;12779,39;12814;11,30852978;25.12.2017 13:00;12802,62667;103,2476658;2,885624799;0,028752153;64,56899187;2,849926066;0,046175781;UP;UP;UP;0;
1514204100;12813,99;12900;12814;12883,03;15,90101215;25.12.2017 13:15;12865,67333;108,6646908;5,417024964;0,052466319;65,01945846;0,450466588;0,006976516;UP;UP;DOWN;0;
1514205000;12867;12995;12883,05;12974,97;18,44274372;25.12.2017 13:30;12945,65667;125,0087904;16,34409965;0,15040856;65,09829772;0,07883926;0,001212549;UP;DOWN;DOWN;0;
1514205900;12930,01;13114,99;12974,93;13055,01;20,46302749;25.12.2017 13:45;13033,33667;146,4465406;21,43775016;0,171489942;75,03414877;9,935851049;0,152628431;DOWN;DOWN;DOWN;2;1
1514206800;12746,23;13055,01;13055;12750;17,66643833;25.12.2017 14:00;12850,41333;127,2041728;-19,24236779;-0,131395168;71,91733268;-3,116816086;-0,041538635;DOWN;DOWN;DOWN;0;
1514207700;12700;12879,09;12750,01;12706;21,70275307;25.12.2017 14:15;12761,69667;106,5306307;-20,67354208;-0,162522515;70,51159113;-1,405741553;-0,019546631;DOWN;DOWN;DOWN;0;
1514208600;12600,01;12869,36;12705,99;12600,01;15,45703665;25.12.2017 14:30;12689,79333;80,37013052;-26,1605002;-0,245567871;61,83712339;-8,674467738;-0,123021869;DOWN;DOWN;DOWN;0;
1514209500;12250;12732,08;12600,01;12364,52;20,10675487;25.12.2017 14:45;12448,86667;34,7210759;-45,64905462;-0,567985324;54,33864413;-7,498479263;-0,121261774;DOWN;DOWN;DOWN;0;
1514210400;12153,85;12493,59;12364,53;12385,95;16,15508959;25.12.2017 15:00;12344,46333;0,323403971;-34,39767193;-0,990685658;52,21218706;-2,126457069;-0,039133422;DOWN;DOWN;DOWN;0;
1514211300;12222;12445,3;12385,54;12320,11;20,21966865;25.12.2017 15:15;12329,13667;-32,2757746;-32,59917857;-100,8001803;46,76143477;-5,450752286;-0,104396169;DOWN;DOWN;DOWN;0;
1514212200;12226,49;12514,19;12320,1;12240;20,56589096;25.12.2017 15:30;12326,89333;-70,3250662;-38,0492916;-1,178880819;41,26602346;-5,495411314;-0,11752016;DOWN;DOWN;UP;0;
1514213100;12150;12305,67;12226,48;12209,98;17,15377001;25.12.2017 15:45;12221,88333;-101,6780594;-31,35299315;-0,445829558;39,78333537;-1,482688089;-0,035929997;DOWN;UP;UP;0;
1514214000;12114,36;12288,14;12209,29;12260,39;14,02533231;25.12.2017 16:00;12220,96333;-120,5223875;-18,84432812;-0,185333279;34,83269196;-4,950643408;-0,12444013;UP;UP;UP;1;
1514214900;12260,38;12499;12260,39;12300,95;12,41392638;25.12.2017 16:15;12353,44333;-130,5580582;-10,03567075;-0,083268104;32,37093907;-2,461752888;-0,070673633;UP;UP;UP;0;
1514215800;12300,95;12438,88;12300,95;12436,29;9,65749237;25.12.2017 16:30;12392,04;-127,9225868;2,635471453;0,020186203;30,00988696;-2,361052109;-0,072937399;UP;UP;UP;0;
1514216700;12373,77;12501,03;12436,29;12383,82;11,41165002;25.12.2017 16:45;12419,54;-131,163268;-3,240681191;-0,025333143;29,42749509;-0,582391871;-0,019406667;UP;UP;UP;0;
1514217600;12357,46;12498;12380,85;12495,8;11,77878392;25.12.2017 17:00;12450,42;-116,9892103;14,17405765;0,108064231;27,92595049;-1,501544603;-0,051025227;UP;UP;DOWN;0;
1514218500;12495,8;12600;12495,8;12599,99;9,671857;25.12.2017 17:15;12565,26333;-95,90135532;21,087855;0,1802547;25,60638539;-2,319565101;-0,083061277;DOWN;DOWN;DOWN;0;
1514219400;12400;12599,99;12599,99;12400,01;11,38086654;25.12.2017 17:30;12466,66667;-92,69077067;3,210584648;0,03347799;26,9747314;1,368346005;0,053437687;DOWN;UP;UP;0;
1514220300;12330;12480,59;12400,01;12450,36;9,35690874;25.12.2017 17:45;12420,31667;-78,92194948;13,76882119;0,148545762;27,84746479;0,872733394;0,032353738;UP;UP;UP;0;
1514221200;12450,36;12523,81;12450,36;12500;7,72339633;25.12.2017 18:00;12491,39;-62,58420281;16,33774667;0,207011443;34,36283575;6,515370957;0,233966395;UP;DOWN;DOWN;0;
1514222100;12500;12580;12500;12530;19,8931027;25.12.2017 18:15;12536,66667;-43,86310996;18,72109285;0,299134478;39,87611882;5,513283074;0,160443193;DOWN;DOWN;DOWN;0;
1514223000;12400;12530,01;12530;12400;12,05603079;25.12.2017 18:30;12443,33667;-38,03151396;5,831596006;0,132949898;39,89148105;0,01536223;0,000385249;DOWN;UP;DOWN;0;
1514223900;12364;12486,85;12400,01;12392,22;22,67932708;25.12.2017 18:45;12414,35667;-32,49347838;5,538035574;0,145617016;40,74075746;0,849276407;0,021289668;UP;UP;UP;0;
1514224800;12389,87;12480;12392,09;12470,12;9,11636341;25.12.2017 19:00;12446,66333;-19,02243739;13,47104099;0,41457676;52,14757999;11,40682253;0,279985529;DOWN;UP;UP;0;
1514225700;12399,11;12470,05;12470,02;12421,88;13,16138387;25.12.2017 19:15;12430,34667;-12,98231935;6,040118041;0,317525978;55,44764313;3,300063136;0,06328315;UP;UP;UP;0;
1514226600;12421,87;12555,7;12421,88;12555,69;7,33949323;25.12.2017 19:30;12511,08667;2,26844807;15,25076742;1,174733652;64,1758205;8,728177374;0,157412955;DOWN;DOWN;DOWN;2;1
1514227500;12435,08;12590,01;12555,7;12446,5;9,54787228;25.12.2017 19:45;12490,53;6,858367307;4,589919237;2,023374173;58,41098302;-5,764837477;-0,089828808;DOWN;DOWN;DOWN;0;
1514228400;12410;12500;12446,5;12500;5,81144588;25.12.2017 20:00;12470;14,57757999;7,719212681;1,125517537;51,91215013;-6,498832889;-0,111260461;UP;DOWN;UP;0;
1514229300;12450;12499;12463,95;12498,99;8,59175299;25.12.2017 20:15;12482,66333;19,65139218;5,073812189;0,348055863;50,7805308;-1,131619331;-0,021798737;DOWN;DOWN;DOWN;0;
1514230200;12433,88;12512;12498,99;12437,91;8,05869198;25.12.2017 20:30;12461,26333;19,84347762;0,192085446;0,009774648;44,48007783;-6,300452979;-0,124072216;UP;DOWN;DOWN;0;
1514231100;12429,97;12494,23;12441,97;12488,96;7,15320606;25.12.2017 20:45;12471,05333;23,37949417;3,536016543;0,178195406;43,14699798;-1,333079846;-0,029970268;DOWN;DOWN;DOWN;0;
1514232000;12410;12488,96;12488,96;12410,01;6,50935809;25.12.2017 21:00;12436,32333;16,64766293;-6,731831232;-0,28793742;43,88368538;0,736687398;0,017073897;UP;DOWN;DOWN;0;
1514232900;12409;12474;12410,01;12452,01;7,23541363;25.12.2017 21:15;12445,00333;11,78689172;-4,860771213;-0,291979194;49,7616533;5,877967919;0,133944264;DOWN;DOWN;DOWN;0;
1514233800;12410,91;12452,2;12452,01;12410,92;6,04351959;25.12.2017 21:30;12424,67667;7,125665979;-4,661225743;-0,395458434;44,04755692;-5,714096379;-0,114829311;DOWN;DOWN;DOWN;0;
1514234700;12251,02;12410,92;12410,92;12266,98;14,78967069;25.12.2017 21:45;12309,64;-10,47166125;-17,59732723;-2,46956948;39,16925544;-4,878301476;-0,110750784;UP;UP;DOWN;0;
1514235600;12200;12399;12265,94;12394,34;12,74812234;25.12.2017 22:00;12331,11333;-15,3252127;-4,853551449;-0,463493932;51,30706387;12,13780843;0,30988101;DOWN;DOWN;DOWN;0;
1514236500;12240,01;12399;12398;12298,09;8,82218992;25.12.2017 22:15;12312,36667;-27,4235688;-12,0983561;-0,789441317;51,09339322;-0,213670649;-0,004164546;DOWN;DOWN;DOWN;0;
1514237400;12250;12349,98;12298,08;12289,9;5,42162076;25.12.2017 22:30;12296,62667;-40,34210268;-12,91853388;-0,471074133;38,64093883;-12,45245438;-0,243719463;DOWN;DOWN;DOWN;0;
1514238300;12250;12325;12289,89;12255,57;7,01147225;25.12.2017 22:45;12276,85667;-50,60620031;-10,26409763;-0,254426441;39,84281966;1,201880826;0,031103821;DOWN;DOWN;DOWN;0;
1514239200;12255,56;12300;12255,57;12273,16;10,30505192;25.12.2017 23:00;12276,24;-56,42229403;-5,816093726;-0,114928481;30,54352682;-9,299292841;-0,233399466;DOWN;DOWN;UP;0;
1514240100;12214,01;12298,97;12273,16;12222,42;6,7265768;25.12.2017 23:15;12245,13333;-65,70660609;-9,284312059;-0,164550418;29,81886965;-0,724657165;-0,023725393;UP;UP;UP;0;
1514241000;12205;12320,46;12221,28;12262,16;9,43534963;25.12.2017 23:30;12262,54;-66,01353067;-0,306924575;-0,004671137;36,37133635;6,552466697;0,21974229;UP;UP;UP;1;
1514241900;12260;12319;12260,88;12310;7,86789173;25.12.2017 23:45;12296,33333;-61,00525981;5,00827086;0,075867338;38,24499402;1,873657671;0,051514678;UP;UP;UP;0;
1514242800;12309,08;12449,97;12309,08;12324;8,6380523;26.12.2017 00:00;12361,01667;-55,32204005;5,683219762;0,093159504;45,15761805;6,91262403;0,180745852;DOWN;DOWN;DOWN;0;
1514243700;12320;12377;12324;12347,98;6,77320321;26.12.2017 00:15;12348,32667;-48,46936582;6,852674227;0,123868791;38,10231666;-7,055301394;-0,156237235;DOWN;DOWN;DOWN;0;
1514244600;12301,81;12374,5;12347,98;12348,94;6,77243358;26.12.2017 00:30;12341,75;-40,90281129;7,566554532;0,156110038;38,24784222;0,145525558;0,003819336;DOWN;DOWN;UP;0;
1514245500;12301;12348,94;12348,93;12306,01;5,18685514;26.12.2017 00:45;12318,65;-34,51008552;6,392725769;0,156290621;32,63835322;-5,609488996;-0,146661581;UP;UP;UP;0;
1514246400;12285,75;12342;12306,01;12341,98;4,76146852;26.12.2017 01:00;12323,24333;-29,88143318;4,62865234;0,134124627;37,68599341;5,047640184;0,154653642;UP;UP;DOWN;0;
1514247300;12341,98;12399;12341,98;12370,01;4,28134804;26.12.2017 01:15;12370,33;-21,10610534;8,775327843;0,293671585;42,2585105;4,572517098;0,121332004;DOWN;DOWN;DOWN;0;
1514248200;12305,92;12371,78;12370,01;12307,09;3,60714981;26.12.2017 01:30;12328,26333;-18,52244162;2,583663715;0,122413097;32,37015641;-9,888354095;-0,233996749;DOWN;DOWN;DOWN;2;1
1514249100;12290,5;12320,01;12307,09;12290,5;6,78016856;26.12.2017 01:45;12300,33667;-17,23122768;1,291213945;0,069710785;35,47126254;3,101106131;0,095801395;DOWN;DOWN;DOWN;0;
1514250000;12248,53;12290,5;12290,5;12277,74;3,89922704;26.12.2017 02:00;12272,25667;-15,77459568;1,456632;0,084534429;36,2482848;0,77702226;0,021905684;DOWN;DOWN;DOWN;0;
1514250900;12199,21;12277,74;12277,74;12199,21;9,33161104;26.12.2017 02:15;12225,38667;-21,23541048;-5,460814801;-0,346177798;36,85043218;0,602147383;0,016611748;UP;DOWN;DOWN;0;
1514251800;12182,69;12274,39;12199;12260,07;3,95453545;26.12.2017 02:30;12239,05;-19,59689172;1,638518762;0,077159741;45,79046967;8,940037489;0,242603328;DOWN;DOWN;DOWN;0;
1514252700;12199,5;12260,39;12260,39;12212,75;3,32577878;26.12.2017 02:45;12224,21333;-23,18371354;-3,586821827;-0,18303014;49,09432295;3,303853277;0,072151548;DOWN;DOWN;DOWN;0;
1514253600;12164;12240;12212,75;12193,7;3,99348872;26.12.2017 03:00;12199,23333;-28,1902152;-5,006501656;-0,215949082;43,14821381;-5,946109134;-0,121116023;DOWN;DOWN;DOWN;0;
1514254500;12159,48;12190,96;12163,48;12190,94;2,56334805;26.12.2017 03:15;12180,46;-31,82495749;-3,63474229;-0,128936309;34,23525261;-8,912961208;-0,206566169;UP;DOWN;DOWN;0;
1514255400;12179,03;12190,95;12190,93;12190,95;2,31990503;26.12.2017 03:30;12186,97667;-34,99401992;-3,169062432;-0,0995779;29,49122498;-4,744027622;-0,138571422;DOWN;DOWN;DOWN;1;
1514256300;12159;12190,95;12190,95;12159,01;2,91122101;26.12.2017 03:45;12169,65333;-38,39654599;-3,402526071;-0,097231644;32,28112938;2,789904396;0,09460117;DOWN;UP;UP;0;
1514257200;12114;12190,95;12159,01;12187,1;1,16249977;26.12.2017 04:00;12164,01667;-39,11263288;-0,716086893;-0,018649774;34,27219102;1,991061636;0,06167881;UP;UP;UP;0;
1514258100;12176,91;12187,1;12187,09;12187,09;2,65758037;26.12.2017 04:15;12183,7;-41,44312732;-2,330494438;-0,059584187;39,59958811;5,327397095;0,155443727;UP;UP;UP;0;
1514259000;12151,44;12445,33;12187,08;12427,62;9,36037054;26.12.2017 04:30;12341,46333;-17,83412078;23,60900654;0,569672418;36,80292085;-2,796667258;-0,070623645;UP;UP;UP;0;
1514259900;12427,62;12663;12427,62;12659,5;14,28892523;26.12.2017 04:45;12583,37333;21,66932323;39,50344401;2,215048586;41,67392179;4,871000939;0,132353651;UP;UP;UP;0;
1514260800;12514,99;12690;12663;12690;6,19272442;26.12.2017 05:00;12631,66333;55,40421019;33,73488696;1,556803902;56,36059391;14,68667212;0,352418767;UP;UP;UP;0;
1514261700;12667,44;12840,89;12690;12714,55;13,92686843;26.12.2017 05:15;12740,96;84,96721079;29,56300061;0,533587619;62,95232597;6,591732066;0,116956398;UP;UP;UP;0;
1514262600;12670,74;12890;12722,06;12752,96;11,15630834;26.12.2017 05:30;12771,23333;109,5425992;24,57538839;0,28923379;74,86991336;11,91758739;0,189311311;UP;UP;UP;0;
1514263500;12710;12858;12752,49;12800,25;10,4289259;26.12.2017 05:45;12789,41667;132,4712153;22,92861616;0,209312325;81,46122673;6,591313369;0,088036877;UP;UP;UP;0;
1514264400;12800,24;12999,01;12800,25;12999,01;30,22551;26.12.2017 06:00;12932,75333;168,1690064;35,69779105;0,269475833;81,78466941;0,323442672;0,003970511;DOWN;DOWN;DOWN;2;1
1514265300;12636,12;13071,02;12999,48;12880,98;29,4085904;26.12.2017 06:15;12862,70667;184,0814218;15,9124154;0,09462157;62,4474642;-19,33720521;-0,236440464;UP;UP;UP;0;
1514266200;12800;12999,26;12880,97;12817,56;10,48910575;26.12.2017 06:30;12872,27333;188,975795;4,894373236;0,026588089;71,82161412;9,374149926;0,150112579;UP;UP;UP;0;
1514267100;12817,54;12983,69;12817,56;12900;21,41550613;26.12.2017 06:45;12900,41;199,5280487;10,55225363;0,055839181;75,72208717;3,900473051;0,054307789;UP;UP;UP;0;
1514268000;12900;12981,77;12900,01;12963,7;5,36165559;26.12.2017 07:00;12948,49;211,0605496;11,53250095;0,057798896;78,53158885;2,809501675;0,037102803;UP;UP;UP;0;
1514268900;12933;12981,77;12963,68;12979,75;7,73032301;26.12.2017 07:15;12964,84;218,9551923;7,894642735;0,037404635;80,25057453;1,718985681;0,021889098;UP;UP;UP;0;
1514269800;12979,75;13099;12979,75;13044,99;13,54252077;26.12.2017 07:30;13041,24667;223,518215;4,563022647;0,020839984;82,41947275;2,168898223;0,027026576;UP;UP;DOWN;0;
1514270700;13024,8;13100;13039,99;13087,46;13,14365112;26.12.2017 07:45;13070,75333;223,0730095;-0,44520552;-0,001991809;83,61661541;1,197142661;0,014524998;DOWN;DOWN;DOWN;0;
1514271600;13040;13100;13087,47;13040,01;13,96783255;26.12.2017 08:00;13060,00333;213,8317861;-9,241223345;-0,0414269;77,71822419;-5,898391223;-0,070540899;DOWN;DOWN;DOWN;0;
1514272500;12949;13049,99;13040,01;12956,7;23,13922729;26.12.2017 08:15;12985,23;195,013382;-18,81840417;-0,088005645;71,25617078;-6,462053414;-0,083147209;DOWN;UP;DOWN;0;
1514273400;12933,2;13015;12956,7;12976,51;13,07062354;26.12.2017 08:30;12974,90333;178,0475374;-16,96584451;-0,086998361;61,4592258;-9,79694498;-0,137489075;UP;UP;DOWN;0;
1514274300;12970,74;13015,78;12976,5;12977,36;14,50904909;26.12.2017 08:45;12987,96;159,9140913;-18,13344617;-0,101846094;62,71490733;1,255681529;0,020431132;DOWN;DOWN;DOWN;0;
1514275200;12955,35;13020;12981,74;12973,43;18,23556402;26.12.2017 09:00;12982,92667;138,3946893;-21,51940196;-0,134568516;56,1670706;-6,54783673;-0,104406385;DOWN;DOWN;DOWN;0;
1514276100;12850,42;12980;12965,23;12881,08;12,07498109;26.12.2017 09:15;12903,83333;112,4108541;-25,98383517;-0,187751678;49,45029691;-6,716773687;-0,119585615;DOWN;DOWN;DOWN;0;
1514277000;12830,88;12881,08;12881,08;12835,01;15,86419622;26.12.2017 09:30;12848,99;86,63491811;-25,77593603;-0,229301131;44,52283255;-4,92746436;-0,099644788;DOWN;DOWN;DOWN;0;
1514277900;12700;12874,39;12842,91;12731,46;20,76841679;26.12.2017 09:45;12768,61667;52,79342932;-33,8414888;-0,390621813;47,55693913;3,034106579;0,068147205;DOWN;UP;UP;0;
1514278800;12681,65;12780,83;12737,56;12720,01;14,09419499;26.12.2017 10:00;12727,49667;21,83522461;-30,9582047;-0,586402609;35,22752963;-12,3294095;-0,259255741;UP;UP;UP;0;
1514279700;12720;12839,58;12720,01;12805,26;19,13021391;26.12.2017 10:15;12788,28;3,057266401;-18,77795821;-0,85998466;36,30129973;1,0737701;0,030480993;UP;UP;UP;1;
1514280600;12805,29;12971;12805,29;12971;13,71002616;26.12.2017 10:30;12915,76333;0,883775134;-2,173491267;-0,710926358;35,5395364;-0,761763334;-0,020984464;UP;UP;UP;0;
1514281500;12950,05;13041,97;12971;12999,99;19,86976699;26.12.2017 10:45;12997,33667;-0,703170639;-1,586945774;-1,79564429;38,06081802;2,521281619;0,070943008;DOWN;DOWN;UP;0;
1514282400;12970;13049;12999,99;12970;16,9038331;26.12.2017 11:00;12996,33333;-2,38335377;-1,68018313;-2,389438689;32,55032019;-5,510497823;-0,144781382;DOWN;UP;UP;0;
1514283300;12960,9;13000;12969,98;12963;12,29860048;26.12.2017 11:15;12974,63333;-0,727454601;1,655899169;0,694776911;26,09551759;-6,454802602;-0,198302277;UP;UP;DOWN;0;
1514284200;12962,48;13034,32;12962,48;13034;12,00326679;26.12.2017 11:30;13010,26667;6,469470716;7,196925316;9,893298234;31,62948321;5,533965622;0,212065754;DOWN;DOWN;DOWN;0;
1514285100;12960;13034;13034;12996;11,55421167;26.12.2017 11:45;12996,66667;8,286023003;1,816552288;0,280788393;31,91437022;0,284887007;0,009007008;DOWN;DOWN;DOWN;0;
1514286000;12911,76;12996;12996;12929,2;10,16512027;26.12.2017 12:00;12945,65333;3,53030225;-4,755720753;-0,573944913;33,64946799;1,735097767;0,054367288;DOWN;DOWN;DOWN;2;1
1514286900;12855;12937,99;12930;12856,74;20,8413148;26.12.2017 12:15;12883,24333;-4,545509503;-8,075811753;-2,2875695;27,89848252;-5,750985465;-0,170908659;UP;UP;DOWN;0;
1514287800;12855,21;12949,99;12856,74;12926,01;13,925291;26.12.2017 12:30;12910,40333;-1,176887434;3,368622069;0,741087895;36,66942577;8,770943242;0,314387825;UP;DOWN;UP;0;
1514288700;12901;12949;12939,1;12935,09;7,3263255;26.12.2017 12:45;12928,36333;3,717125706;4,89401314;4,158437757;43,9674766;7,298050834;0,199022774;DOWN;DOWN;UP;0;
1514289600;12845;12943,9;12935,08;12845,01;9,0335501;26.12.2017 13:00;12877,97;-0,986396367;-4,703522074;-1,265365351;44,96661318;0,999136583;0,022724447;UP;UP;UP;0;
1514290500;12842,81;12967;12845,01;12965,99;11,93716693;26.12.2017 13:15;12925,26667;5,572868083;6,55926445;6,649724863;50,95193827;5,985325084;0,133105979;UP;UP;UP;1;
1514291400;12935,91;13000;12965,98;12999,99;21,43484334;26.12.2017 13:30;12978,63333;10,71691703;5,144048952;0,923052345;59,41695953;8,465021268;0,166137375;UP;UP;UP;0;
1514292300;12999,99;13015,98;13000;13015;12,55317437;26.12.2017 13:45;13010,32333;15,48639448;4,769477446;0,445041931;60,96585536;1,548895828;0,026068244;UP;UP;UP;0;
1514293200;13014,99;13111;13015;13110;17,26697002;26.12.2017 14:00;13078,66333;29,23779569;13,75140121;0,88796661;59,7000032;-1,265852164;-0,020763297;DOWN;UP;UP;0;
1514294100;13008,88;13110,51;13110,51;13090;11,06199025;26.12.2017 14:15;13069,79667;38,62768866;9,389892966;0,321155981;51,63473643;-8,065266763;-0,135096588;UP;UP;UP;0;
1514295000;13089,99;13187,46;13090;13161,29;13,94665521;26.12.2017 14:30;13146,24667;50,08383629;11,45614764;0,296578647;59,95632818;8,321591741;0,161162665;DOWN;UP;UP;0;
1514295900;13090;13179,97;13154,35;13144,02;14,17081749;26.12.2017 14:45;13137,99667;56,85248796;6,768651662;0,13514643;60,86179737;0,905469196;0,015102146;UP;UP;UP;0;
1514296800;13128,02;13188;13141,02;13188;9,51850307;26.12.2017 15:00;13168,00667;67,31825307;10,46576512;0,184086317;61,28979753;0,428000154;0,007032329;UP;UP;UP;0;
1514297700;13188;13490;13188;13345;31,88263532;26.12.2017 15:15;13341;91,04469943;23,72644636;0,352451902;67,29406732;6,004269798;0,097965241;UP;UP;UP;0;
1514298600;13341,15;13493;13347,58;13407,98;28,23122458;26.12.2017 15:30;13414,04333;112,9060098;21,86131036;0,240116234;76,26436361;8,970296289;0,133299957;UP;UP;UP;0;
1514299500;13407,97;13750;13407,99;13745;28,11217177;26.12.2017 15:45;13634,32333;158,5947375;45,6887277;0,40466161;82,76968487;6,505321256;0,08529962;DOWN;UP;UP;0;
1514300400;13511,1;13745;13745;13600;26,63787335;26.12.2017 16:00;13618,7;180,7444392;22,14970175;0,139662274;70,80905092;-11,96063395;-0,144505008;UP;UP;UP;0;
1514301300;13577,28;13800;13600,01;13725,07;31,38483353;26.12.2017 16:15;13700,78333;203,4424083;22,69796902;0,125580456;72,4668189;1,657767978;0,023411809;UP;UP;UP;0;
1514302200;13651,41;13788;13725,07;13716,71;16,64469614;26.12.2017 16:30;13718,70667;216,7664991;13,32409087;0,065493183;77,7241597;5,257340806;0,072548249;DOWN;UP;UP;0;
1514303100;13665,33;13749;13719,47;13720,21;12,9483537;26.12.2017 16:45;13711,51333;225,1813612;8,414862055;0,038819938;72,1814049;-5,542754801;-0,071313152;UP;UP;UP;0;
1514304000;13720,21;13894,43;13720,21;13894,43;22,55743525;26.12.2017 17:00;13836,35667;244,5260946;19,34473341;0,085907347;72,35655657;0,175151669;0,002426548;UP;DOWN;DOWN;0;
1514304900;13886;13980;13900;13980;27,76033667;26.12.2017 17:15;13948,66667;265,341374;20,81527937;0,085124982;72,60814807;0,251591498;0,003477107;DOWN;DOWN;DOWN;2;1
1514305800;13671,98;13980;13980;13786,49;28,56579269;26.12.2017 17:30;13812,82333;258,5736114;-6,767762592;-0,02550587;64,35900536;-8,24914271;-0,113611804;DOWN;DOWN;DOWN;0;
1514306700;13600,15;13790;13784,46;13614,44;24,44258584;26.12.2017 17:45;13668,19667;234,4585453;-24,11506604;-0,093261899;61,72258767;-2,636417691;-0,040964239;DOWN;DOWN;DOWN;0;
1514307600;13550;13680;13621,29;13680;15,73972864;26.12.2017 18:00;13636,66667;218,3767391;-16,08180624;-0,068591257;55,65257399;-6,070013676;-0,098343474;DOWN;DOWN;DOWN;0;
1514308500;13550;13699;13680;13602;13,36103814;26.12.2017 18:15;13617;191,6229561;-26,75378298;-0,122512055;55,25133296;-0,401241028;-0,007209748;DOWN;DOWN;DOWN;0;
1514309400;13228,57;13602,02;13602,01;13288,78;25,64813315;26.12.2017 18:30;13373,12333;136,711847;-54,91110908;-0,286558094;51,01151276;-4,239820208;-0,076736976;UP;UP;UP;0;
1514310300;13255,19;13476,99;13288,78;13454,78;48,78247662;26.12.2017 18:45;13395,65333;97,6648483;-39,04699875;-0,285615326;53,35312214;2,341609384;0,045903547;UP;UP;UP;0;
1514311200;13384,85;13573;13454,78;13430,29;20,86382569;26.12.2017 19:00;13462,71333;66,39757162;-31,26727668;-0,320148725;55,57857747;2,225455328;0,041711811;DOWN;DOWN;DOWN;0;
1514312100;13340;13485,7;13430,29;13421,25;18,7542758;26.12.2017 19:15;13415,65;36,22091058;-30,17666104;-0,454484408;48,65410858;-6,924468893;-0,124588811;DOWN;UP;UP;0;
1514313000;13375;13440;13421,24;13403;13,90112961;26.12.2017 19:30;13406;8,235727334;-27,98518324;-0,772625061;50,06162052;1,407511943;0,028928943;UP;UP;UP;1;
1514313900;13401,58;13479,99;13403;13403;19,31302563;26.12.2017 19:45;13428,19;-14,01733392;-22,25306125;-2,702015299;48,04828803;-2,013332487;-0,040217086;UP;UP;UP;0;
1514314800;13402,99;13519;13403;13420,17;19,12470829;26.12.2017 20:00;13447,38667;-34,83053609;-20,81320217;-1,484818888;45,9399056;-2,108382431;-0,04388049;UP;UP;UP;0;
1514315700;13420,16;13500;13420,17;13500;41,55639242;26.12.2017 20:15;13473,38667;-46,85017959;-12,0196435;-0,345089248;51,70123821;5,761332607;0,125410197;UP;UP;UP;0;
1514316600;13499,99;13661,99;13500;13636,95;40,42413562;26.12.2017 20:30;13599,64333;-39,09536571;7,754813876;0,165523674;55,70177876;4,00054055;0,077378041;UP;UP;UP;0;
1514317500;13574,3;13657,93;13632,16;13649,88;12,14856304;26.12.2017 20:45;13627,37;-28,69778649;10,39757922;0,265954264;57,87054762;2,168768863;0,038935361;UP;UP;UP;0;
1514318400;13641,21;13789,9;13649,91;13788,97;16,12426696;26.12.2017 21:00;13740,02667;-9,087711828;19,61007466;0,683330565;64,21370921;6,343161586;0,109609496;DOWN;DOWN;DOWN;0;
1514319300;13623,94;13795;13788,97;13695;16,72844564;26.12.2017 21:15;13704,64667;-1,535540416;7,552171412;0,831031128;66,70530958;2,491600376;0,038801689;UP;DOWN;DOWN;0;
1514320200;13660;13749,01;13695;13738,99;15,55009235;26.12.2017 21:30;13716;15,6466844;17,18222482;11,18969234;73,576114;6,870804419;0,103002362;DOWN;DOWN;DOWN;0;
1514321100;13530,99;13738,99;13738,99;13587,32;13,08949281;26.12.2017 21:45;13619,1;12,61448893;-3,03219547;-0,193791566;73,59897187;0,022857868;0,00031067;UP;DOWN;UP;2;1
1514322000;13575,02;13670;13611,17;13657,96;16,03523143;26.12.2017 22:00;13634,32667;17,72330502;5,10881609;0,404995883;77,75973871;4,160766843;0,056532948;DOWN;UP;UP;0;
1514322900;13555;13657,96;13657,96;13643,92;9,22318491;26.12.2017 22:15;13618,96;24,30826001;6,584954984;0,371542157;71,93045888;-5,829279829;-0,07496527;UP;UP;UP;0;
1514323800;13633,18;13740;13643,86;13740;12,67048281;26.12.2017 22:30;13704,39333;37,37642701;13,06816701;0,53760191;67,9228325;-4,007626387;-0,05571529;DOWN;UP;DOWN;0;
1514324700;13654,22;13748;13741;13700;12,76563477;26.12.2017 22:45;13700,74;45,3002403;7,923813289;0,212000288;69,95190177;2,029069277;0,029873155;UP;DOWN;DOWN;0;
1514325600;13699,99;13720;13700;13718;7,46402449;26.12.2017 23:00;13712,66333;52,7142021;7,413961794;0,163662748;76,45741493;6,50551316;0,092999804;DOWN;DOWN;DOWN;0;
1514326500;13580;13720;13717,99;13588;17,47493969;26.12.2017 23:15;13629,33333;44,59831933;-8,115882771;-0,15396008;72,89598857;-3,561426361;-0,046580523;DOWN;DOWN;DOWN;0;
1514327400;13450;13635,05;13588;13573,03;16,65996386;26.12.2017 23:30;13552,69333;35,48134172;-9,116977602;-0,204424242;65,73914133;-7,156847244;-0,09817889;DOWN;UP;DOWN;0;
1514328300;13500;13547,08;13534,68;13545,02;13,49406192;26.12.2017 23:45;13530,7;26,49366384;-8,987677886;-0,253307159;58,73393959;-7,005201741;-0,106560591;UP;DOWN;DOWN;0;
1514329200;13519,99;13581,18;13545,01;13579;7,526381;27.12.2017 00:00;13560,05667;17,29778291;-9,19588093;-0,347097366;53,54260852;-5,191331069;-0,088387244;DOWN;DOWN;DOWN;0;
1514330100;13451,15;13579,01;13579,01;13461,31;8,23629364;27.12.2017 00:15;13497,15667;-0,692939847;-17,99072275;-1,04005946;41,39177628;-12,15083224;-0,226937622;UP;UP;DOWN;0;
1514331000;13440;13559,61;13461,31;13507;8,80061833;27.12.2017 00:30;13502,20333;-11,00649874;-10,31355889;-14,88377227;40,11537916;-1,276397113;-0,030836974;UP;DOWN;UP;0;
1514331900;13506,99;13560,28;13507;13554,99;10,37293751;27.12.2017 00:45;13540,75333;-11,91366264;-0,907163905;-0,082420752;46,79868898;6,683309812;0,166602185;DOWN;DOWN;UP;0;
1514332800;13447;13555;13555;13447;9,69984743;27.12.2017 01:00;13483;-27,73181504;-15,8181524;-1,327732107;38,65811572;-8,14057326;-0,173948746;UP;UP;UP;0;
1514333700;13447;13542,94;13447;13542,94;6,62300051;27.12.2017 01:15;13510,96;-29,36632294;-1,634507901;-0,05893981;45,97523697;7,317121255;0,189277752;UP;UP;UP;1;
1514334600;13515,18;13573,9;13542,94;13533,67;4,23889427;27.12.2017 01:30;13540,91667;-34,08741798;-4,721095041;-0,160765618;43,72803785;-2,247199123;-0,048878467;UP;UP;UP;0;
1514335500;13531,05;13585;13533,68;13582,99;6,35445181;27.12.2017 01:45;13566,34667;-32,55028526;1,537132726;0,045093845;50,20991667;6,481878822;0,148231641;UP;UP;UP;0;
1514336400;13582,99;13680;13583;13680;6,79776498;27.12.2017 02:00;13647,66333;-23,17455252;9,375732735;0,28803842;49,19539251;-1,014524158;-0,020205653;UP;UP;UP;0;
1514337300;13669;13725,77;13680;13669,01;7,22513708;27.12.2017 02:15;13687,92667;-14,02479376;9,149758762;0,394819221;56,34922264;7,153830126;0,145416669;UP;DOWN;DOWN;0;
1514338200;13666,8;13730;13669;13729,99;5,22647641;27.12.2017 02:30;13708,93;-0,850368667;13,17442509;0,939366761;54,48224254;-1,8669801;-0,033132313;DOWN;DOWN;DOWN;0;
1514339100;13659,62;13729,95;13729,94;13665,24;3,85980863;27.12.2017 02:45;13684,93667;4,836789884;5,687158551;6,68787406;55,44014257;0,957900028;0,017581876;DOWN;DOWN;DOWN;0;
1514340000;13658,01;13689,12;13689,12;13658,01;3,04791407;27.12.2017 03:00;13668,38;9,262253017;4,425463133;0,914958731;62,02345964;6,583317075;0,118746395;DOWN;DOWN;DOWN;0;
1514340900;13585,02;13655;13655;13590;4,41934091;27.12.2017 03:15;13610,00667;9,428499482;0,166246465;0,017948815;70,31841195;8,294952306;0,133738949;DOWN;UP;UP;0;
1514341800;13589,99;13601;13590;13601;8,45240669;27.12.2017 03:30;13597,33;11,31631418;1,8878147;0,200224299;62,62598101;-7,69243094;-0,109394264;UP;UP;UP;0;
1514342700;13601;13655;13601;13630,01;1,38031534;27.12.2017 03:45;13628,67;13,60348776;2,287173577;0,202112944;71,05943917;8,433458161;0,134663889;DOWN;DOWN;UP;0;
1514343600;13610;13630,01;13630,01;13610,01;1,36990454;27.12.2017 04:00;13616,67333;16,74230617;3,138818414;0,230736299;67,18320525;-3,876233922;-0,054549177;UP;UP;UP;0;
1514344500;13610;13635,94;13610,01;13610,01;1,32319916;27.12.2017 04:15;13618,65;15,47543598;-1,266870193;-0,075668799;64,12423195;-3,058973297;-0,045531815;UP;UP;UP;0;
1514345400;13610;13649,49;13610;13649,48;1,27662616;27.12.2017 04:30;13636,32333;19,06200412;3,586568145;0,231758779;74,26164767;10,13741572;0,158090248;UP;UP;UP;0;
1514346300;13623,61;13649,49;13649,49;13648,98;1,58576837;27.12.2017 04:45;13640,69333;20,48542586;1,423421732;0,074673246;70,78303391;-3,478613758;-0,046842669;UP;UP;UP;0;
1514347200;13648,99;13798;13648,99;13798;14,85555459;27.12.2017 05:00;13748,33;33,99547226;13,51004641;0,659495512;68,2118154;-2,571218508;-0,03632535;UP;UP;UP;0;
1514348100;13797,99;13899,98;13798;13899,97;11,32217273;27.12.2017 05:15;13865,98;53,49457058;19,49909831;0,573579274;73,29739171;5,085576312;0,074555651;UP;UP;DOWN;2;1
1514349000;13898;13900;13899,98;13898,01;8,24806789;27.12.2017 05:30;13898,67;66,7828405;13,28826993;0,248404086;75,2092981;1,911906388;0,026084235;DOWN;DOWN;DOWN;0;
1514349900;13848,04;13916;13853,04;13884,93;6,30750082;27.12.2017 05:45;13882,99;75,25028828;8,467447777;0,12679077;64,40107558;-10,80822252;-0,143708594;DOWN;DOWN;DOWN;0;
1514350800;13850;13873,61;13862,33;13850;0,1769375;27.12.2017 06:00;13857,87;77,66878885;2,418500566;0,032139419;55,23342174;-9,167653838;-0,142352496;DOWN;DOWN;UP;0;
1514351700;13719;13833,07;13719;13818,79;4,88403113;27.12.2017 06:15;13790,28667;76,95441446;-0,714374391;-0,009197702;59,34323421;4,109812469;0,074408073;UP;UP;UP;0;
1514352600;13819,35;13904,53;13819,35;13837,87;4,73996686;27.12.2017 06:30;13853,91667;77,32400973;0,369595269;0,004802782;65,5612194;6,217985187;0,104780019;UP;UP;UP;0;
1514353500;13837,86;13888;13837,87;13887,66;2,76374147;27.12.2017 06:45;13871,17333;79,22142799;1,897418263;0,024538539;70,71633257;5,155113173;0,078630526;UP;UP;UP;0;
1514354400;13887,66;13920;13887,66;13919,99;6,63516006;27.12.2017 07:00;13909,21667;83,48978094;4,268352947;0,053878768;76,39503486;5,678702287;0,080302556;UP;UP;UP;0;
1514355300;13919,99;13950;13919,99;13949,67;7,80691198;27.12.2017 07:15;13939,88667;88,98715187;5,497370936;0,065844836;75,81669165;-0,578343208;-0,007570429;DOWN;DOWN;UP;0;
1514356200;13899,18;13950,78;13949,67;13919,99;6,86762074;27.12.2017 07:30;13923,31667;87,24882872;-1,738323151;-0,019534541;69,08672633;-6,729965322;-0,088766275;UP;UP;DOWN;0;
1514357100;13902;13947,06;13919,99;13927,25;6,70504045;27.12.2017 07:45;13925,43667;86,32179895;-0,927029774;-0,010625126;71,26747589;2,180749561;0,031565391;UP;DOWN;DOWN;0;
1514358000;13928,19;13965,16;13928,19;13948,99;18,03235637;27.12.2017 08:00;13947,44667;82,74745039;-3,574348556;-0,041407253;73,12363513;1,85615924;0,02604497;DOWN;DOWN;DOWN;0;
1514358900;13850;13966,55;13949;13868,17;7,68058431;27.12.2017 08:15;13894,90667;69,21397198;-13,53347841;-0,163551606;59,65771579;-13,46591933;-0,184152761;UP;UP;UP;0;
1514359800;13860;13948,71;13867,23;13890,91;6,67228535;27.12.2017 08:30;13899,87333;60,5232432;-8,690728775;-0,125563214;61,96841601;2,310700217;0,03873263;UP;UP;UP;0;
1514360700;13870;13949;13877,44;13948,8;10,0762706;27.12.2017 08:45;13922,6;58,15628219;-2,366961009;-0,039108298;58,88247663;-3,085939384;-0,049798584;DOWN;UP;UP;0;
1514361600;13880;13963;13948,8;13884,73;12,11572536;27.12.2017 09:00;13909,24333;50,89314965;-7,263132543;-0,124889905;48,04123472;-10,84124191;-0,184116609;UP;UP;UP;0;
1514362500;13882;13966;13882,01;13955,91;19,85470536;27.12.2017 09:15;13934,63667;50,96491999;0,07177034;0,001410216;58,14810304;10,10686832;0,210379029;UP;UP;UP;0;
1514363400;13915;13960,11;13955,91;13960,11;10,89443947;27.12.2017 09:30;13945,07333;50,01204165;-0,952878339;-0,018696749;68,56507972;10,41697668;0,179145598;DOWN;UP;DOWN;0;
1514364300;13920;13963,6;13960,11;13920,78;13,73898694;27.12.2017 09:45;13934,79333;42,77013683;-7,241904822;-0,144803223;62,70821374;-5,856865977;-0,085420538;UP;UP;DOWN;0;
1514365200;13920;13969,99;13920,78;13969,5;15,68265437;27.12.2017 10:00;13953,16333;39,92052047;-2,849616361;-0,066626309;65,1777948;2,469581061;0,039382099;DOWN;DOWN;DOWN;0;
1514366100;13925,99;13981;13969,99;13926;21,92416174;27.12.2017 10:15;13944,33;32,28120865;-7,639311816;-0,191363031;57,0138402;-8,163954605;-0,125256686;DOWN;DOWN;DOWN;0;
1514367000;13760,01;13928,78;13926,01;13793,69;25,49116112;27.12.2017 10:30;13827,49333;13,64670948;-18,63449918;-0,577255312;48,69902954;-8,314810657;-0,14583846;DOWN;UP;DOWN;0;
1514367900;13782;13869,4;13793,68;13810,99;20,13230867;27.12.2017 10:45;13820,79667;-0,239635254;-13,88634473;-1,017559929;40,12647712;-8,57255242;-0,176031278;UP;DOWN;DOWN;0;
1514368800;13809,99;13864,89;13810,99;13849,2;19,44414293;27.12.2017 11:00;13841,36;-8,223703699;-7,984068445;-33,31758715;47,84518684;7,718709719;0,192359516;DOWN;DOWN;DOWN;0;
1514369700;13643,46;13850;13849,2;13643,46;26,92191116;27.12.2017 11:15;13712,30667;-31,94557387;-23,72187017;-2,884572577;41,68013461;-6,16505223;-0,128854178;DOWN;DOWN;UP;0;
1514370600;13635,58;13749,06;13643,46;13726,31;28,24643688;27.12.2017 11:30;13703,65;-41,74078117;-9,795207299;-0,306621735;35,11550378;-6,564630829;-0,157500231;DOWN;UP;DOWN;0;
1514371500;13620,8;13730;13726,26;13669,9;18,27775372;27.12.2017 11:45;13673,56667;-54,50704945;-12,76626828;-0,305846415;33,67675637;-1,438747409;-0,040971857;UP;UP;UP;0;
1514372400;13669,89;13748,15;13669,89;13735;22,27575505;27.12.2017 12:00;13717,68;-56,46259033;-1,95554088;-0,035876843;36,4279545;2,751198127;0,081694273;DOWN;DOWN;UP;0;
1514373300;13655,01;13735;13735;13677;15,82993625;27.12.2017 12:15;13689,00333;-64,5269844;-8,064394068;-0,142827207;31,78201842;-4,645936075;-0,12753766;DOWN;UP;UP;1;
1514374200;13660,01;13684,78;13675,51;13684,78;20,39533021;27.12.2017 12:30;13676,52333;-70,02249417;-5,495509773;-0,085166072;31,13295334;-0,649065083;-0,0204224;UP;UP;UP;0;
1514375100;13684,77;13740;13684,78;13740;22,52517923;27.12.2017 12:45;13721,59;-68,05559782;1,96689635;0,028089493;33,1071094;1,974156061;0,063410498;UP;UP;UP;0;
1514376000;13739,99;13900;13740;13893,37;22,17195461;27.12.2017 13:00;13844,45333;-52,73346711;15,32213071;0,225141373;33,66531943;0,558210033;0,01686073;UP;UP;UP;0;
1514376900;13862,17;13900;13893,37;13899;17,70709813;27.12.2017 13:15;13887,05667;-38,22473162;14,50873549;0,27513335;39,97256253;6,307243098;0,187351352;DOWN;DOWN;DOWN;0;
1514377800;13850;13911;13898,99;13850,01;15,02195208;27.12.2017 13:30;13870,33667;-27,46071713;10,7640145;0,281598171;34,76420355;-5,20835898;-0,130298351;UP;DOWN;DOWN;0;
1514378700;13849,99;13900;13850,01;13900;11,40276319;27.12.2017 13:45;13883,33;-13,95428557;13,50643156;0,491845551;39,95608267;5,191879115;0,14934555;DOWN;DOWN;DOWN;0;
1514379600;13821;13903;13899,99;13821,01;16,83504242;27.12.2017 14:00;13848,33667;-11,50405174;2,450233829;0,175590059;41,45256508;1,496482411;0,037453181;DOWN;UP;UP;0;
1514380500;13805,5;13873,4;13821;13855,84;20,00872915;27.12.2017 14:15;13844,91333;-1,105948568;10,39810317;0,90386443;42,74878542;1,296220347;0,031269967;UP;UP;UP;0;
1514381400;13821,6;13880;13855,84;13860;10,56589961;27.12.2017 14:30;13853,86667;6,208100886;7,314049454;6,613372146;42,73039693;-0,018388497;-0,000430153;UP;UP;UP;0;
1514382300;13859,99;13889;13860;13879,99;16,65122607;27.12.2017 14:45;13876,32667;14,52048306;8,312382178;1,338957329;48,1151402;5,384743272;0,126016692;DOWN;DOWN;DOWN;0;
1514383200;13848,89;13879,99;13879,99;13853,63;16,21841731;27.12.2017 15:00;13860,83667;17,49452309;2,974040025;0,204816879;49,98461593;1,86947573;0,038854209;UP;DOWN;DOWN;0;
1514384100;13852;13875,01;13852,18;13864,99;14,12611938;27.12.2017 15:15;13864;23,00839722;5,513874129;0,315177162;59,0029991;9,018383169;0,180423176;DOWN;DOWN;DOWN;2;1
1514385000;13715,02;13864,99;13864,98;13715,32;18,91363694;27.12.2017 15:30;13765,11;12,82981778;-10,17857943;-0,442385419;52,47180049;-6,531198611;-0,110692655;DOWN;DOWN;DOWN;0;
1514385900;13555,58;13715,32;13715,32;13602,51;38,99523011;27.12.2017 15:45;13624,47;-5,827825466;-18,65764325;-1,454240704;53,19244343;0,720642941;0,013733909;DOWN;DOWN;DOWN;0;
1514386800;13450;13690,25;13602,5;13474,39;28,71439361;27.12.2017 16:00;13538,21333;-35,42340236;-29,59557689;-5,078322449;48,55367537;-4,638768062;-0,087207275;UP;DOWN;DOWN;0;
1514387700;13450;13605,16;13474,38;13587,73;33,45911089;27.12.2017 16:15;13547,63;-48,23201318;-12,80861082;-0,361586126;50,07336604;1,519690673;0,031299189;DOWN;DOWN;DOWN;0;
1514388600;13415;13590;13587,73;13423,99;27,94662548;27.12.2017 16:30;13476,33;-71,0262279;-22,79421472;-0,472595134;40,19899904;-9,874366997;-0,197197987;DOWN;UP;UP;0;
1514389500;13402,02;13468;13423,98;13468;27,00894578;27.12.2017 16:45;13446,00667;-85,50531255;-14,47908465;-0,203855464;31,67819231;-8,520806738;-0,211965644;UP;UP;DOWN;0;
1514390400;13460;13547,79;13466;13505,01;30,03047666;27.12.2017 17:00;13504,26667;-92,05554073;-6,550228186;-0,076606096;39,73122813;8,053035828;0,254213869;UP;DOWN;DOWN;0;
1514391300;13485;13603,31;13505;13492,31;18,63270454;27.12.2017 17:15;13526,87333;-97,98877159;-5,933230855;-0,064452729;42,53035513;2,799127;0,07045156;DOWN;DOWN;DOWN;0;
1514392200;13241;13486,69;13486,69;13322,97;43,35384383;27.12.2017 17:30;13350,22;-116,8582618;-18,86949025;-0,192567882;41,61164409;-0,918711043;-0,021601302;DOWN;DOWN;DOWN;0;
1514393100;13051;13322,99;13322,97;13200;27,97987126;27.12.2017 17:45;13191,33;-144,5176098;-27,659348;-0,236691421;38,54160079;-3,070043302;-0,073778467;DOWN;UP;UP;0;
1514394000;12901,8;13325;13164,03;13309,53;47,17681289;27.12.2017 18:00;13178,77667;-153,2743033;-8,756693472;-0,060592571;31,99971191;-6,541888879;-0,169735785;UP;UP;UP;1;
1514394900;13151,55;13350;13309,52;13342,2;33,99858752;27.12.2017 18:15;13281,25;-156,5260545;-3,251751223;-0,021215241;38,15395783;6,154245916;0,192321916;UP;UP;UP;0;
1514395800;13270,24;13425;13345;13281,44;31,09781037;27.12.2017 18:30;13325,56;-158,8935596;-2,367505056;-0,01512531;44,86747994;6,713522116;0,175958734;DOWN;UP;DOWN;0;
1514396700;13188,64;13399,95;13277,01;13303,4;26,22235171;27.12.2017 18:45;13297,33;-154,8457398;4,047819795;0,02547504;39,39513729;-5,472342648;-0,121966793;UP;UP;DOWN;0;
1514397600;13212,21;13429;13300,01;13396,93;39,35606828;27.12.2017 19:00;13346,04667;-137,9980992;16,84764054;0,108802739;44,35578013;4,96064284;0,125920182;DOWN;DOWN;DOWN;0;
1514398500;13232;13420;13396,4;13284,61;28,28818611;27.12.2017 19:15;13312,20333;-135,2747885;2,723310739;0,019734408;42,42329549;-1,932484647;-0,04356782;DOWN;DOWN;UP;0;
1514399400;13100;13290,6;13284,61;13288,91;27,84308604;27.12.2017 19:30;13226,50333;-125,231972;10,04281651;0,07424012;43,53095057;1,10765508;0,026109595;UP;UP;UP;0;
1514400300;13199,1;13290,6;13290,12;13247,69;23,09200305;27.12.2017 19:45;13245,79667;-119,8861969;5,345775147;0,042686984;43,33514993;-0,195800637;-0,004497964;UP;UP;DOWN;0;
1514401200;13247,68;13347;13247,69;13346,97;33,28271177;27.12.2017 20:00;13313,88333;-105,8680339;14,01816291;0,116928915;49,75725283;6,422102904;0,148196162;DOWN;DOWN;DOWN;0;
1514402100;13215,1;13346,99;13346,97;13250,01;24,180751;27.12.2017 20:15;13270,7;-101,113809;4,754224973;0,044907087;49,18908169;-0,568171147;-0,011418861;DOWN;DOWN;DOWN;0;
1514403000;13200,02;13267,18;13250,01;13213,33;17,78597459;27.12.2017 20:30;13226,84333;-95,74724993;5,366559038;0,053074442;43,26753799;-5,921543694;-0,120383294;DOWN;DOWN;DOWN;0;
1514403900;13085;13222,12;13212,92;13118,19;22,40167618;27.12.2017 20:45;13141,77;-94,98122143;0,766028499;0,008000527;37,35361501;-5,913922987;-0,136682679;UP;UP;DOWN;0;
1514404800;13115;13225;13118,19;13135,01;12,86937891;27.12.2017 21:00;13158,33667;-93,15486344;1,826357993;0,019228622;42,28079846;4,927183453;0,131906469;DOWN;DOWN;DOWN;0;
1514405700;13120,66;13210;13135,01;13132,97;14,88144423;27.12.2017 21:15;13154,54333;-90,41924523;2,735618202;0,029366349;45,58175413;3,300955673;0,078072217;DOWN;DOWN;UP;0;
1514406600;13017,42;13131,55;13131,55;13077,7;23,34192436;27.12.2017 21:30;13075,55667;-90,22852893;0,190716302;0,002109245;47,13976778;1,558013649;0,034180643;UP;UP;UP;0;
1514407500;13061;13198;13077,24;13157,04;21,46579465;27.12.2017 21:45;13138,68;-81,11374489;9,114784046;0,10101887;43,62072231;-3,519045467;-0,074651311;UP;UP;UP;0;
1514408400;13111,99;13345;13153,79;13335,16;22,68163256;27.12.2017 22:00;13264,05;-59,60755306;21,50619182;0,265136221;41,53635491;-2,084367401;-0,047783881;UP;UP;UP;0;
1514409300;13300;13424,81;13339,45;13399,99;26,27695382;27.12.2017 22:15;13374,93333;-34,15368685;25,45386622;0,427024176;49,31925207;7,78289716;0,187375545;DOWN;DOWN;DOWN;0;
1514410200;13250;13400;13400;13250;20,35353415;27.12.2017 22:30;13300;-28,66354499;5,490141855;0,160748146;41,49561303;-7,823639044;-0,158632557;DOWN;UP;UP;0;
1514411100;13240;13320;13250,47;13319,99;18,49054662;27.12.2017 22:45;13293,33;-14,95593774;13,70760725;0,478224422;43,99874554;2,503132517;0,060322823;UP;UP;UP;0;
1514412000;13276,28;13348;13320;13285;14,37203748;27.12.2017 23:00;13303,09333;-10,93871482;4,017222927;0,268603881;51,41730437;7,418558822;0,168608417;UP;UP;UP;0;
1514412900;13284,99;13350;13285;13350;21,22582427;27.12.2017 23:15;13328,33;1,292168338;12,23088315;1,118127985;49,21817136;-2,199133009;-0,04277029;UP;UP;UP;0;
1514413800;13349,99;13497,9;13350;13445,01;23,12904604;27.12.2017 23:30;13430,96667;21,30918708;20,01701874;15,4910302;48,91826321;-0,299908148;-0,006093444;UP;UP;UP;0;
1514414700;13400;13500;13440,01;13419,41;17,45827606;27.12.2017 23:45;13439,80333;37,03987006;15,73068298;0,738211313;58,91313693;9,994873718;0,204317837;UP;UP;UP;0;
1514415600;13400;13480;13419,41;13470,06;9,03208178;28.12.2017 00:00;13450,02;51,90972448;14,86985443;0,401455362;66,69081002;7,777673089;0,132019334;UP;UP;UP;0;
1514416500;13469,99;13500;13471,28;13500;9,35159987;28.12.2017 00:15;13489,99667;64,68420169;12,77447721;0,246090253;72,24013161;5,549321594;0,08320969;UP;UP;UP;0;
1514417400;13485,01;13590;13500;13578,59;9,56614166;28.12.2017 00:30;13551,2;83,90583063;19,22162894;0,297161106;70,86166921;-1,378462404;-0,019081671;DOWN;UP;DOWN;0;
1514418300;13521;13594,78;13578,59;13533,11;8,58073201;28.12.2017 00:45;13549,63;92,70607398;8,800243348;0,104882382;71,70196776;0,840298555;0,011858295;UP;DOWN;DOWN;0;
1514419200;13530,02;13590;13530,02;13585,58;5,99896696;28.12.2017 01:00;13568,53333;98,73640367;6,030329694;0,065047838;77,00223983;5,30027207;0,073920873;DOWN;DOWN;DOWN;2;1
1514420100;13402;13589,98;13589,98;13418,78;10,97369186;28.12.2017 01:15;13470,25333;85,57054119;-13,16586248;-0,133343549;72,63894267;-4,363297159;-0,056664549;DOWN;DOWN;DOWN;0;
1514421000;13301;13418,72;13410,58;13391,5;7,37586424;28.12.2017 01:30;13370,40667;76,26986606;-9,300675129;-0,108690152;66,29936989;-6,339572786;-0,087275125;DOWN;UP;UP;0;
1514421900;13221,95;13400;13391,5;13358,62;10,90110718;28.12.2017 01:45;13326,85667;62,36788268;-13,90198338;-0,182273604;60,14247928;-6,156890603;-0,092864994;UP;UP;UP;0;
1514422800;13358,62;13441;13358,62;13360,02;5,28674347;28.12.2017 02:00;13386,54667;51,7187709;-10,64911179;-0,170746726;70,90265707;10,76017779;0,178911444;UP;UP;UP;0;
1514423700;13360,02;13550;13360,02;13550;3,77348514;28.12.2017 02:15;13486,67333;58,26345315;6,544682252;0,126543654;80,13256651;9,229909434;0,130177201;UP;UP;DOWN;0;
1514424600;13472,29;13554;13550;13480,08;3,99016324;28.12.2017 02:30;13502,12333;54,97491683;-3,288536321;-0,056442523;78,29531712;-1,837249393;-0,022927624;DOWN;DOWN;DOWN;0;
1514425500;13474,1;13500;13480,07;13500;2,74412344;28.12.2017 02:45;13491,36667;52,92273778;-2,052179046;-0,037329371;74,04840408;-4,246913034;-0,054242236;DOWN;DOWN;DOWN;0;
1514426400;13426,99;13583;13499,99;13428,88;5,55391241;28.12.2017 03:00;13479,62333;42,21836835;-10,70436943;-0,202264091;68,20130163;-5,847102455;-0,078963247;DOWN;DOWN;DOWN;0;
1514427300;13380;13431,98;13428,87;13424,11;3,82242391;28.12.2017 03:15;13412,03;30,63515983;-11,58320853;-0,274364192;58,13619094;-10,06511069;-0,147579452;DOWN;DOWN;DOWN;0;
1514428200;13172,4;13424,11;13424,11;13197,05;8,14761139;28.12.2017 03:30;13264,52;-2,078043348;-32,71320317;-1,067831973;48,32784892;-9,808342019;-0,168713186;DOWN;DOWN;DOWN;0;
1514429100;12955;13300;13197,04;13114,9;19,16696244;28.12.2017 03:45;13123,3;-34,97560945;-32,8975661;-15,83102977;39,42626615;-8,901582769;-0,184191578;UP;UP;DOWN;0;
1514430000;12978,23;13282;13112,9;13280,11;10,45290479;28.12.2017 04:00;13180,11333;-47,73520702;-12,75959758;-0,36481416;44,78485561;5,358589461;0,135914201;DOWN;DOWN;DOWN;0;
1514430900;13070;13300;13280,1;13070;4,70533466;28.12.2017 04:15;13146,66667;-72,53679789;-24,80159087;-0,519566006;44,52918226;-0,255673353;-0,005708924;DOWN;DOWN;DOWN;0;
1514431800;12863;13084,94;13084,94;12998,86;14,06633987;28.12.2017 04:30;12982,26667;-95,44417448;-22,90737659;-0,315803527;37,81610288;-6,713079377;-0,150756853;UP;UP;UP;0;
1514432700;12999,45;13100,81;12999,45;13099,41;5,73428859;28.12.2017 04:45;13066,55667;-101,5981444;-6,153969908;-0,064477166;47,61990232;9,80379944;0,259249333;UP;UP;UP;0;
1514433600;12990;13139,99;13099;13100;6,79130736;28.12.2017 05:00;13076,66333;-106,9023119;-5,304167543;-0,052207327;55,45473926;7,83483694;0,164528623;UP;UP;UP;0;
1514434500;13099,99;13159;13100;13113,38;13,60599911;28.12.2017 05:15;13124,12333;-112,5405352;-5,638223309;-0,052741828;62,23735003;6,782610769;0,122308947;DOWN;DOWN;DOWN;0;
1514435400;13047,26;13174,55;13113,37;13121,72;5,76996062;28.12.2017 05:30;13114,51;-114,0440632;-1,50352792;-0,013359879;50,57086899;-11,66648104;-0,187451443;UP;DOWN;DOWN;0;
1514436300;13121;13121,67;13121,67;13121,01;3,29477647;28.12.2017 05:45;13121,22667;-114,0570314;-0,012968191;-0,000113712;50,7404735;0,169604514;0,003353799;DOWN;DOWN;DOWN;0;
1514437200;12900;13121,01;13121;12905,79;6,42479005;28.12.2017 06:00;12975,6;-130,0589414;-16,00191002;-0,140297444;47,4304623;-3,310011204;-0,065234141;DOWN;DOWN;DOWN;0;
1514438100;12852;12964,32;12902,94;12894,36;18,0493179;28.12.2017 06:15;12903,56;-142,3166262;-12,25768482;-0,094247152;46,46554627;-0,964916029;-0,020343804;DOWN;DOWN;DOWN;0;
1514439000;12801,4;12987,76;12894,36;12801,4;9,16540433;28.12.2017 06:30;12863,52;-152,8435118;-10,52688561;-0,073968066;40,93417657;-5,531369698;-0,11904239;DOWN;DOWN;DOWN;0;
1514439900;12710;12960,15;12803,46;12727,64;20,6305977;28.12.2017 06:45;12799,26333;-163,3420091;-10,49849734;-0,068687884;39,89088076;-1,043295812;-0,025487158;UP;UP;UP;0;
1514440800;12701;12957,54;12717,37;12910;12,69026233;28.12.2017 07:00;12856,18;-155,2605931;8,081416086;0,04947543;49,31469046;9,423809696;0,2362397;DOWN;DOWN;DOWN;1;
1514441700;12720,1;12950;12926,43;12805,54;10,12180021;28.12.2017 07:15;12825,21333;-151,7446641;3,515928944;0,02264534;47,92640932;-1,388281134;-0,028151472;DOWN;DOWN;DOWN;0;
1514442600;12720,12;12915,5;12794,42;12781,47;10,53355319;28.12.2017 07:30;12805,69667;-146,3400247;5,404639451;0,035616669;37,39578989;-10,53061943;-0,219724773;DOWN;DOWN;UP;0;
1514443500;12720,12;12844,9;12781,43;12732,4;18,62696108;28.12.2017 07:45;12765,80667;-148,2522587;-1,912234035;-0,013067061;37,45460613;0,058816235;0,001572804;UP;UP;UP;0;
1514444400;12731,27;12818,55;12732,38;12793,79;11,55237892;28.12.2017 08:00;12781,20333;-142,1626542;6,089604515;0,041075964;46,0164736;8,561867468;0,228593179;UP;UP;UP;0;
1514445300;12793,81;12946,98;12793,82;12921,49;19,06428405;28.12.2017 08:15;12887,42667;-124,1845575;17,97809666;0,126461459;45,05980087;-0,956672726;-0,020789788;UP;UP;UP;0;
1514446200;12905,53;13090,85;12921,49;13065;19,06975003;28.12.2017 08:30;13020,46;-95,20581206;28,97874546;0,233352246;49,43665644;4,376855564;0,097134374;DOWN;DOWN;DOWN;0;
1514447100;12852,05;13090,85;13068,77;12979,85;17,56584031;28.12.2017 08:45;12974,25;-76,6204957;18,58531636;0,195211993;42,15676203;-7,279894406;-0,147257014;UP;DOWN;DOWN;0;
1514448000;12941,94;13039;12979,83;12997,94;14,81229722;28.12.2017 09:00;12992,96;-54,40904555;22,21145015;0,289889147;50,96108905;8,804327021;0,208847326;DOWN;DOWN;DOWN;0;
1514448900;12770,01;12997,94;12997,94;12786,14;22,40220062;28.12.2017 09:15;12851,36333;-54,37560784;0,033437703;0,000614561;45,48598803;-5,475101023;-0,107436892;UP;UP;UP;0;
1514449800;12761,29;12911,9;12786,1;12892,59;25,10318836;28.12.2017 09:30;12855,26;-41,4385574;12,93705045;0,237920107;51,99391393;6,507925904;0,143075399;UP;UP;UP;0;
1514450700;12864,46;13016,01;12892,59;13016,01;22,36530393;28.12.2017 09:45;12965,49333;-16,62968329;24,8088741;0,598690583;58,70768326;6,713769328;0,129126062;UP;UP;UP;0;
1514451600;12940;13016,01;12997,99;12970,99;17,22639255;28.12.2017 10:00;12975,66667;-6,909693093;9,7199902;0,584496411;67,22773349;8,520050232;0,145126664;UP;UP;UP;0;
1514452500;12970;13124,62;12971,02;13124,62;18,96655002;28.12.2017 10:15;13073,08;17,00168254;23,91137563;3,460555384;72,12261602;4,89488253;0,072810465;UP;UP;UP;0;
1514453400;13122,49;13221,1;13122,49;13202,39;21,23850877;28.12.2017 10:30;13181,99333;45,74629629;28,74461375;1,690692299;71,97777238;-0,14484364;-0,002008297;DOWN;DOWN;DOWN;0;
1514454300;13066;13202,39;13202,39;13100;25,35627102;28.12.2017 10:45;13122,79667;57,93853242;12,19223613;0,266518541;69,36368012;-2,614092267;-0,036318049;DOWN;DOWN;DOWN;2;1
1514455200;13099,43;13129,99;13100;13125,05;19,32814769;28.12.2017 11:00;13118,15667;67,44328392;9,504751496;0,164048882;65,24721411;-4,11646601;-0,05934613;DOWN;DOWN;DOWN;0;
