;unixtime;low;high;open;close;volume;datetime;typical_price;macd;macd_delta_absolute;macd_delta_percentage;mfi;mfi_delta_absolute;mfi_delta_percentage;trend_1_intervall;trend_2_intervall;trend_3_intervall
0;1514389500;13402,02;13468;13423,98;13468;27,00894578;27.12.2017 15:45;13446,00667;;;;;;;UP;UP;UP
1;1514388600;13415;13590;13587,73;13423,99;27,94662548;27.12.2017 15:30;13476,33;;;;;;;UP;UP;UP
2;1514387700;13450;13605,16;13474,38;13587,73;33,45911089;27.12.2017 15:15;13547,63;;;;;;;DOWN;UP;UP
3;1514386800;13450;13690,25;13602,5;13474,39;28,71439361;27.12.2017 15:00;13538,21333;;;;;;;UP;UP;UP
4;1514385900;13555,58;13715,32;13715,32;13602,51;38,99523011;27.12.2017 14:45;13624,47;;;;;;;UP;UP;UP
5;1514385000;13715,02;13864,99;13864,98;13715,32;18,91363694;27.12.2017 14:30;13765,11;;;;;;;UP;UP;UP
6;1514384100;13852;13875,01;13852,18;13864,99;14,12611938;27.12.2017 14:15;13864;;;;;;;DOWN;UP;DOWN
7;1514383200;13848,89;13879,99;13879,99;13853,63;16,21841731;27.12.2017 14:00;13860,83667;;;;;;;UP;DOWN;DOWN
8;1514382300;13859,99;13889;13860;13879,99;16,65122607;27.12.2017 13:45;13876,32667;;;;;;;DOWN;DOWN;DOWN
9;1514381400;13821,6;13880;13855,84;13860;10,56589961;27.12.2017 13:30;13853,86667;;;;;;;DOWN;DOWN;UP
10;1514380500;13805,5;13873,4;13821;13855,84;20,00872915;27.12.2017 13:15;13844,91333;;;;;;;UP;UP;UP
11;1514379600;13821;13903;13899,99;13821,01;16,83504242;27.12.2017 13:00;13848,33667;;;;;;;UP;UP;UP
12;1514378700;13849,99;13900;13850,01;13900;11,40276319;27.12.2017 12:45;13883,33;;;;;;;DOWN;UP;DOWN
13;1514377800;13850;13911;13898,99;13850,01;15,02195208;27.12.2017 12:30;13870,33667;;;;;;;UP;DOWN;DOWN
14;1514376900;13862,17;13900;13893,37;13899;17,70709813;27.12.2017 12:15;13887,05667;;;;70,73181032;;;DOWN;DOWN;DOWN
15;1514376000;13739,99;13900;13740;13893,37;22,17195461;27.12.2017 12:00;13844,45333;;;;63,60350959;-7,128300729;-0,112074016;DOWN;DOWN;DOWN
16;1514375100;13684,77;13740;13684,78;13740;22,52517923;27.12.2017 11:45;13721,59;;;;54,99758589;-8,605923698;-0,156478208;DOWN;DOWN;DOWN
17;1514374200;13660,01;13684,78;13675,51;13684,78;20,39533021;27.12.2017 11:30;13676,52333;;;;57,13122685;2,133640966;0,037346318;UP;UP;DOWN
18;1514373300;13655,01;13735;13735;13677;15,82993625;27.12.2017 11:15;13689,00333;;;;55,82636671;-1,304860142;-0,023373546;UP;DOWN;UP
19;1514372400;13669,89;13748,15;13669,89;13735;22,27575505;27.12.2017 11:00;13717,68;;;;51,60606335;-4,22030336;-0,081779215;DOWN;DOWN;DOWN
20;1514371500;13620,8;13730;13726,26;13669,9;18,27775372;27.12.2017 10:45;13673,56667;;;;43,10750067;-8,498562687;-0,197148119;UP;UP;UP
21;1514370600;13635,58;13749,06;13643,46;13726,31;28,24643688;27.12.2017 10:30;13703,65;;;;49,78798567;6,680485001;0,134178656;UP;UP;UP
22;1514369700;13643,46;13850;13849,2;13643,46;26,92191116;27.12.2017 10:15;13712,30667;;;;52,08044383;2,292458167;0,044017639;UP;UP;UP
23;1514368800;13809,99;13864,89;13810,99;13849,2;19,44414293;27.12.2017 10:00;13841,36;;;;60,13015815;8,049714315;0,133871497;DOWN;DOWN;UP
24;1514367900;13782;13869,4;13793,68;13810,99;20,13230867;27.12.2017 09:45;13820,79667;;;;58,19549125;-1,934666899;-0,033244275;UP;UP;UP
25;1514367000;13760,01;13928,78;13926,01;13793,69;25,49116112;27.12.2017 09:30;13827,49333;-0,926177173;;;58,20891411;0,013422864;0,000230598;UP;UP;UP
26;1514366100;13925,99;13981;13969,99;13926;21,92416174;27.12.2017 09:15;13944,33;7,701754624;8,627931797;1,120255347;59,47609528;1,267181168;0,021305722;UP;DOWN;UP
27;1514365200;13920;13969,99;13920,78;13969,5;15,68265437;27.12.2017 09:00;13953,16333;17,23902203;9,537267403;0,553237149;64,81607807;5,339982785;0,0823867;DOWN;DOWN;DOWN
28;1514364300;13920;13963,6;13960,11;13920,78;13,73898694;27.12.2017 08:45;13934,79333;24,75830439;7,519282358;0,303707485;59,56065925;-5,255418816;-0,088236411;UP;DOWN;DOWN
29;1514363400;13915;13960,11;13955,91;13960,11;10,89443947;27.12.2017 08:30;13945,07333;33,72862323;8,970318842;0,265955678;65,10327677;5,542617517;0,085135769;DOWN;DOWN;DOWN
30;1514362500;13882;13966;13882,01;13955,91;19,85470536;27.12.2017 08:15;13934,63667;41,27842211;7,549798884;0,182899406;67,70181027;2,5985335;0,038382039;DOWN;DOWN;DOWN
31;1514361600;13880;13963;13948,8;13884,73;12,11572536;27.12.2017 08:00;13909,24333;39,9469013;-1,331520815;-0,033332268;68,27152477;0,569714506;0,008344833;UP;DOWN;DOWN
32;1514360700;13870;13949;13877,44;13948,8;10,0762706;27.12.2017 07:45;13922,6;47,60825904;7,661357744;0,160924972;67,33514781;-0,936376962;-0,013906214;DOWN;DOWN;UP
33;1514359800;13860;13948,71;13867,23;13890,91;6,67228535;27.12.2017 07:30;13899,87333;46,59697815;-1,011280894;-0,021702714;62,8263535;-4,508794311;-0,071765972;DOWN;UP;UP
34;1514358900;13850;13966,55;13949;13868,17;7,68058431;27.12.2017 07:15;13894,90667;45,69350651;-0,903471634;-0,019772429;66,69964279;3,873289286;0,058070615;UP;UP;UP
35;1514358000;13928,19;13965,16;13928,19;13948,99;18,03235637;27.12.2017 07:00;13947,44667;47,1724827;1,478976192;0,03135252;65,25850809;-1,441134695;-0,022083476;DOWN;DOWN;DOWN
36;1514357100;13902;13947,06;13919,99;13927,25;6,70504045;27.12.2017 06:45;13925,43667;46,67594627;-0,496536432;-0,010637951;55,8487992;-9,409708892;-0,168485429;DOWN;UP;DOWN
37;1514356200;13899,18;13950,78;13949,67;13919,99;6,86762074;27.12.2017 06:30;13923,31667;45,17607324;-1,499873031;-0,033200607;48,42415562;-7,424643579;-0,153325205;UP;DOWN;DOWN
38;1514355300;13919,99;13950;13919,99;13949,67;7,80691198;27.12.2017 06:15;13939,88667;44,0144879;-1,161585346;-0,026390977;55,01877661;6,594620987;0,11986128;DOWN;DOWN;DOWN
39;1514354400;13887,66;13920;13887,66;13919,99;6,63516006;27.12.2017 06:00;13909,21667;38,20078245;-5,813705446;-0,152188125;47,77579736;-7,242979249;-0,151603524;DOWN;DOWN;DOWN
40;1514353500;13837,86;13888;13837,87;13887,66;2,76374147;27.12.2017 05:45;13871,17333;31,7532914;-6,447491049;-0,203049535;37,83138287;-9,944414489;-0,262861512;DOWN;DOWN;DOWN
41;1514352600;13819,35;13904,53;13819,35;13837,87;4,73996686;27.12.2017 05:30;13853,91667;20,70649899;-11,04679241;-0,533493973;27,73987669;-10,09150618;-0,363790593;DOWN;UP;UP
42;1514351700;13719;13833,07;13719;13818,79;4,88403113;27.12.2017 05:15;13790,28667;8,264042152;-12,44245684;-1,505613913;30,00704307;2,267166375;0,075554475;UP;UP;UP
43;1514350800;13850;13873,61;13862,33;13850;0,1769375;27.12.2017 05:00;13857,87;1,97892631;-6,285115842;-3,176023185;25,04316212;-4,963880944;-0,198213026;UP;UP;UP
44;1514349900;13848,04;13916;13853,04;13884,93;6,30750082;27.12.2017 04:45;13882,99;-1,72993075;-3,708857061;2,143933831;27,53537489;2,492212767;0,090509491;UP;DOWN;DOWN
45;1514349000;13898;13900;13899,98;13898,01;8,24806789;27.12.2017 04:30;13898,67;-1,836391619;-0,106460868;0,057972857;37,42983427;9,894459378;0,264346866;DOWN;DOWN;DOWN
46;1514348100;13797,99;13899,98;13798;13899,97;11,32217273;27.12.2017 04:15;13865,98;-2,20537056;-0,368978942;0,167309271;26,50051944;-10,92931483;-0,412418891;DOWN;DOWN;DOWN
47;1514347200;13648,99;13798;13648,99;13798;14,85555459;27.12.2017 04:00;13748,33;-13,50094516;-11,2955746;0,836650654;26,17834475;-0,322174683;-0,012306916;DOWN;DOWN;DOWN
48;1514346300;13623,61;13649,49;13649,49;13648,98;1,58576837;27.12.2017 03:45;13640,69333;-36,76226695;-23,26132179;0,632749929;24,21361589;-1,964728867;-0,08114149;DOWN;DOWN;DOWN
49;1514345400;13610;13649,49;13610;13649,48;1,27662616;27.12.2017 03:30;13636,32333;-52,4689642;-15,70669726;0,29935215;18,06450069;-6,1491152;-0,34039774;DOWN;DOWN;DOWN
50;1514344500;13610;13635,94;13610,01;13610,01;1,32319916;27.12.2017 03:15;13618,65;-69,09112455;-16,62216035;0,24058315;21,69007853;3,625577839;0,167153744;DOWN;UP;DOWN
51;1514343600;13610;13630,01;13630,01;13610,01;1,36990454;27.12.2017 03:00;13616,67333;-81,0608361;-11,96971155;0,147663312;23,18805788;1,497979353;0,064601329;UP;DOWN;DOWN
52;1514342700;13601;13655;13601;13630,01;1,38031534;27.12.2017 02:45;13628,67;-85,5883335;-4,527497396;0,052898534;17,35816252;-5,829895361;-0,335859015;DOWN;DOWN;UP
53;1514341800;13589,99;13601;13590;13601;8,45240669;27.12.2017 02:30;13597,33;-89,06668591;-3,478352411;0,039053349;19,04907824;1,690915723;0,088766275;UP;UP;UP
54;1514340900;13585,02;13655;13655;13590;4,41934091;27.12.2017 02:15;13610,00667;-91,66138087;-2,59469496;0,028307395;30,73361475;11,68453651;0,380187511;UP;UP;UP
55;1514340000;13658,01;13689,12;13689,12;13658,01;3,04791407;27.12.2017 02:00;13668,38;-86,49170964;5,169671231;-0,059770714;36,25177928;5,518164528;0,152217757;UP;UP;UP
56;1514339100;13659,62;13729,95;13729,94;13665,24;3,85980863;27.12.2017 01:45;13684,93667;-81,47716092;5,014548719;-0,061545452;41,58400558;5,3322263;0,128227818;UP;UP;DOWN
57;1514338200;13666,8;13730;13669;13729,99;5,22647641;27.12.2017 01:30;13708,93;-71,66314749;9,814013423;-0,136946447;40,67124684;-0,912758747;-0,02244236;DOWN;DOWN;DOWN
58;1514337300;13669;13725,77;13680;13669,01;7,22513708;27.12.2017 01:15;13687,92667;-68,10361399;3,559533508;-0,052266441;37,60916032;-3,062086514;-0,081418635;DOWN;DOWN;DOWN
59;1514336400;13582,99;13680;13583;13680;6,79776498;27.12.2017 01:00;13647,66333;-61,66548626;6,438127729;-0,10440407;28,52175867;-9,087401648;-0,318612949;DOWN;DOWN;DOWN
60;1514335500;13531,05;13585;13533,68;13582,99;6,35445181;27.12.2017 00:45;13566,34667;-61,38513215;0,280354108;-0,004567134;29,15251392;0,630755248;0,021636393;DOWN;DOWN;DOWN
61;1514334600;13515,18;13573,9;13542,94;13533,67;4,23889427;27.12.2017 00:30;13540,91667;-63,69538834;-2,310256193;0,036270384;31,4008116;2,248297681;0,071599986;DOWN;DOWN;DOWN
62;1514333700;13447;13542,94;13447;13542,94;6,62300051;27.12.2017 00:15;13510,96;-62,69733259;0,998055755;-0,015918632;37,3811721;5,980360493;0,159983226;DOWN;UP;DOWN
63;1514332800;13447;13555;13555;13447;9,69984743;27.12.2017 00:00;13483;-69,55934398;-6,862011392;0,098649743;34,35755931;-3,02361279;-0,088004295;UP;UP;UP
64;1514331900;13506,99;13560,28;13507;13554,99;10,37293751;26.12.2017 23:45;13540,75333;-63,77424996;5,785094015;-0,090712067;44,00121193;9,643652623;0,219167887;DOWN;DOWN;UP
65;1514331000;13440;13559,61;13461,31;13507;8,80061833;26.12.2017 23:30;13502,20333;-62,01571421;1,758535755;-0,028356293;38,98816585;-5,013046073;-0,128578659;DOWN;UP;UP
66;1514330100;13451,15;13579,01;13579,01;13461,31;8,23629364;26.12.2017 23:15;13497,15667;-63,68309239;-1,667378176;0,026182431;34,07606969;-4,912096166;-0,144150902;UP;UP;UP
67;1514329200;13519,99;13581,18;13545,01;13579;7,526381;26.12.2017 23:00;13560,05667;-55,0937085;8,589383881;-0,155904987;40,36517805;6,289108357;0,155805292;DOWN;DOWN;UP
68;1514328300;13500;13547,08;13534,68;13545,02;13,49406192;26.12.2017 22:45;13530,7;-50,9403509;4,153357607;-0,081533746;31,61673349;-8,748444555;-0,276702986;UP;UP;UP
69;1514327400;13450;13635,05;13588;13573,03;16,65996386;26.12.2017 22:30;13552,69333;-45,43977264;5,50057826;-0,121052064;37,69810608;6,081372589;0,161317722;UP;UP;UP
70;1514326500;13580;13720;13717,99;13588;17,47493969;26.12.2017 22:15;13629,33333;-37,1529909;8,286781738;-0,223044808;45,04740798;7,349301902;0,163145944;UP;UP;UP
71;1514325600;13699,99;13720;13700;13718;7,46402449;26.12.2017 22:00;13712,66333;-17,98508571;19,16790519;-1,065766686;50,8802064;5,832798419;0,114637869;DOWN;DOWN;DOWN
72;1514324700;13654,22;13748;13741;13700;12,76563477;26.12.2017 21:45;13700,74;-1,686821355;16,29826435;-9,662116442;50,00109338;-0,87911302;-0,017581876;UP;DOWN;DOWN
73;1514323800;13633,18;13740;13643,86;13740;12,67048281;26.12.2017 21:30;13704,39333;15,35160073;17,03842208;1,109879184;57,38916032;7,388066935;0,128736279;DOWN;DOWN;DOWN
74;1514322900;13555;13657,96;13657,96;13643,92;9,22318491;26.12.2017 21:15;13618,96;18,19445926;2,842858532;0,156248586;54,98927957;-2,399880742;-0,043642702;UP;UP;UP
75;1514322000;13575,02;13670;13611,17;13657,96;16,03523143;26.12.2017 21:00;13634,32667;23,99987177;5,805412513;0,24189348;60,25693939;5,26765982;0,08741997;DOWN;UP;UP
76;1514321100;13530,99;13738,99;13738,99;13587,32;13,08949281;26.12.2017 20:45;13619,1;19,08150896;-4,918362813;-0,257755444;55,70528057;-4,55165882;-0,081709647;UP;UP;UP
77;1514320200;13660;13749,01;13695;13738,99;15,55009235;26.12.2017 20:30;13716;30,23298048;11,15147152;0,368851213;61,49907879;5,793798216;0,094209512;DOWN;UP;DOWN
78;1514319300;13623,94;13795;13788,97;13695;16,72844564;26.12.2017 20:15;13704,64667;36,07972334;5,846742864;0,162050657;53,62649584;-7,872582949;-0,146803979;UP;DOWN;DOWN
79;1514318400;13641,21;13789,9;13649,91;13788,97;16,12426696;26.12.2017 20:00;13740,02667;46,05202789;9,972304543;0,216544309;61,21197512;7,585479282;0,123921492;DOWN;DOWN;DOWN
80;1514317500;13574,3;13657,93;13632,16;13649,88;12,14856304;26.12.2017 19:45;13627,37;41,24831952;-4,803708365;-0,11645828;58,69413176;-2,517843366;-0,042897702;DOWN;DOWN;DOWN
81;1514316600;13499,99;13661,99;13500;13636,95;40,42413562;26.12.2017 19:30;13599,64333;36,0193637;-5,228955824;-0,145170688;53,08644408;-5,607687681;-0,105633138;DOWN;DOWN;DOWN
82;1514315700;13420,16;13500;13420,17;13500;41,55639242;26.12.2017 19:15;13473,38667;18,76939473;-17,24996896;-0,919047695;45,16250739;-7,923936688;-0,17545387;DOWN;DOWN;DOWN
83;1514314800;13402,99;13519;13403;13420,17;19,12470829;26.12.2017 19:00;13447,38667;-4,540576265;-23,309971;5,133703222;34,70863212;-10,45387527;-0,301189492;DOWN;DOWN;DOWN
84;1514313900;13401,58;13479,99;13403;13403;19,31302563;26.12.2017 18:45;13428,19;-24,58518311;-20,04460684;0,815312489;27,7638278;-6,944804315;-0,250138575;DOWN;DOWN;UP
85;1514313000;13375;13440;13421,24;13403;13,90112961;26.12.2017 18:30;13406;-40,89320288;-16,30801977;0,398795365;20,64708416;-7,116743647;-0,344685167;UP;UP;DOWN
86;1514312100;13340;13485,7;13430,29;13421,25;18,7542758;26.12.2017 18:15;13415,65;-50,44916423;-9,555961353;0,189417635;25,45786657;4,810782418;0,188970368;UP;DOWN;DOWN
87;1514311200;13384,85;13573;13454,78;13430,29;20,86382569;26.12.2017 18:00;13462,71333;-57,54245016;-7,093285933;0,123270488;27,05052947;1,59266289;0,058877328;DOWN;DOWN;UP
88;1514310300;13255,19;13476,99;13288,78;13454,78;48,78247662;26.12.2017 17:45;13395,65333;-58,60806282;-1,065612653;0,018182015;26,26588463;-0,784644833;-0,029873155;DOWN;UP;UP
89;1514309400;13228,57;13602,02;13602,01;13288,78;25,64813315;26.12.2017 17:30;13373,12333;-78,89231687;-20,28425405;0,257113175;20,01130288;-6,254581752;-0,31255245;UP;UP;UP
90;1514308500;13550;13699;13680;13602;13,36103814;26.12.2017 17:15;13617;-63,23742419;15,65489268;-0,247557406;27,32515171;7,313848829;0,267659953;UP;UP;UP
91;1514307600;13550;13680;13621,29;13680;15,73972864;26.12.2017 17:00;13636,66667;-46,11960549;17,1178187;-0,37116143;27,3864251;0,061273388;0,002237363;UP;UP;UP
92;1514306700;13600,15;13790;13784,46;13614,44;24,44258584;26.12.2017 16:45;13668,19667;-35,92284364;10,19676185;-0,283851745;32,30710464;4,920679543;0,152309518;UP;UP;UP
93;1514305800;13671,98;13980;13980;13786,49;28,56579269;26.12.2017 16:30;13812,82333;-10,33461188;25,58823176;-2,47597414;33,89843848;1,591333844;0,046944164;UP;UP;DOWN
94;1514304900;13886;13980;13900;13980;27,76033667;26.12.2017 16:15;13948,66667;30,44346082;40,7780727;1,339469022;41,15018803;7,251749545;0,176226401;DOWN;DOWN;DOWN
95;1514304000;13720,21;13894,43;13720,21;13894,43;22,55743525;26.12.2017 16:00;13836,35667;56,47351593;26,03005511;0,460924996;39,27096757;-1,879220462;-0,047852665;DOWN;DOWN;DOWN
96;1514303100;13665,33;13749;13719,47;13720,21;12,9483537;26.12.2017 15:45;13711,51333;61,02425314;4,550737211;0,0745726;41,29258539;2,02161782;0,048958374;UP;DOWN;DOWN
97;1514302200;13651,41;13788;13725,07;13716,71;16,64469614;26.12.2017 15:30;13718,70667;65,40441942;4,380166281;0,066970494;49,21498534;7,922399954;0,160975359;DOWN;DOWN;DOWN
98;1514301300;13577,28;13800;13600,01;13725,07;31,38483353;26.12.2017 15:15;13700,78333;68,77443728;3,370017865;0,049001024;49,55244371;0,337458365;0,006810126;DOWN;DOWN;DOWN
99;1514300400;13511,1;13745;13745;13600;26,63787335;26.12.2017 15:00;13618,7;59,84787411;-8,926563177;-0,149154223;47,61986288;-1,932580823;-0,040583502;UP;DOWN;DOWN
100;1514299500;13407,97;13750;13407,99;13745;28,11217177;26.12.2017 14:45;13634,32333;64,38398138;4,536107271;0,070453973;49,64979852;2,029935641;0,040885073;DOWN;DOWN;DOWN
101;1514298600;13341,15;13493;13347,58;13407,98;28,23122458;26.12.2017 14:30;13414,04333;40,62368586;-23,76029552;-0,584887733;42,8822166;-6,767581926;-0,157817913;DOWN;DOWN;DOWN
102;1514297700;13188;13490;13188;13345;31,88263532;26.12.2017 14:15;13341;8,079015746;-32,54467012;-4,028296409;42,00504321;-0,877173386;-0,020882573;DOWN;DOWN;DOWN
103;1514296800;13128,02;13188;13141,02;13188;9,51850307;26.12.2017 14:00;13168,00667;-32,11322661;-40,19224235;1,251579072;44,10944109;2,104397876;0,047708559;DOWN;DOWN;DOWN
104;1514295900;13090;13179,97;13154,35;13144,02;14,17081749;26.12.2017 13:45;13137,99667;-66,11974926;-34,00652265;0,514317175;38,41306483;-5,696376256;-0,148292678;UP;DOWN;DOWN
105;1514295000;13089,99;13187,46;13090;13161,29;13,94665521;26.12.2017 13:30;13146,24667;-93,30363204;-27,18388278;0,291348602;38,47321521;0,060150383;0,001563435;DOWN;DOWN;DOWN
106;1514294100;13008,88;13110,51;13110,51;13090;11,06199025;26.12.2017 13:15;13069,79667;-126,3433631;-33,03973111;0,261507453;33,77128603;-4,701929182;-0,139228609;UP;DOWN;DOWN
107;1514293200;13014,99;13111;13015;13110;17,26697002;26.12.2017 13:00;13078,66333;-147,6282883;-21,28492516;0,144179177;30,72446343;-3,046822603;-0,099166015;DOWN;DOWN;DOWN
108;1514292300;12999,99;13015,98;13000;13015;12,55317437;26.12.2017 12:45;13010,32333;-169,2417647;-21,61347635;0,127707699;22,04909321;-8,675370223;-0,393457007;DOWN;DOWN;DOWN
109;1514291400;12935,91;13000;12965,98;12999,99;21,43484334;26.12.2017 12:30;12978,63333;-186,8574559;-17,6156912;0,094273419;23,37379879;1,324705587;0,056674809;DOWN;DOWN;DOWN
110;1514290500;12842,81;12967;12845,01;12965,99;11,93716693;26.12.2017 12:15;12925,26667;-202,5843214;-15,72686557;0,077631208;23,58848486;0,21468607;0,009101308;DOWN;UP;DOWN
111;1514289600;12845;12943,9;12935,08;12845,01;9,0335501;26.12.2017 12:00;12877,97;-221,3172256;-18,73290415;0,084642775;18,89966876;-4,688816103;-0,248089856;UP;UP;UP
112;1514288700;12901;12949;12939,1;12935,09;7,3263255;26.12.2017 11:45;12928,36333;-228,7785057;-7,461280132;0,032613554;22,76482295;3,865154193;0,169786262;DOWN;DOWN;UP
113;1514287800;12855,21;12949,99;12856,74;12926,01;13,925291;26.12.2017 11:30;12910,40333;-225,2479276;3,530578133;-0,015674187;25,13354656;2,368723601;0,094245498;DOWN;UP;UP
114;1514286900;12855;12937,99;12930;12856,74;20,8413148;26.12.2017 11:15;12883,24333;-224,4621585;0,785769123;-0,003500675;14,71051832;-10,42302824;-0,708542555;UP;UP;UP
115;1514286000;12911,76;12996;12996;12929,2;10,16512027;26.12.2017 11:00;12945,65333;-212,5748368;11,88732169;-0,055920644;24,4692478;9,758729479;0,39881608;UP;UP;UP
116;1514285100;12960;13034;13034;12996;11,55421167;26.12.2017 10:45;12996,66667;-189,8216734;22,75316333;-0,119865993;31,64267154;7,173423749;0,226700952;UP;DOWN;DOWN
117;1514284200;12962,48;13034,32;12962,48;13034;12,00326679;26.12.2017 10:30;13010,26667;-165,0237795;24,79789396;-0,15026861;41,5187555;9,876083956;0,237870424;DOWN;DOWN;DOWN
118;1514283300;12960,9;13000;12969,98;12963;12,29860048;26.12.2017 10:15;12974,63333;-148,3833768;16,64040265;-0,112144655;40,99271452;-0,526040979;-0,012832548;UP;UP;DOWN
119;1514282400;12970;13049;12999,99;12970;16,9038331;26.12.2017 10:00;12996,33333;-130,5612882;17,82208859;-0,136503621;40,34029925;-0,652415271;-0,016172792;UP;DOWN;DOWN
120;1514281500;12950,05;13041,97;12971;12999,99;19,86976699;26.12.2017 09:45;12997,33667;-106,6243016;23,9369866;-0,224498414;48,73366286;8,39336361;0,172229279;DOWN;DOWN;DOWN
121;1514280600;12805,29;12971;12805,29;12971;13,71002616;26.12.2017 09:30;12915,76333;-88,23841901;18,38588263;-0,208365957;40,91111035;-7,822552511;-0,191208511;DOWN;DOWN;DOWN
122;1514279700;12720;12839,58;12720,01;12805,26;19,13021391;26.12.2017 09:15;12788,28;-87,70904496;0,529374047;-0,00603557;41,70649735;0,795387004;0,019071057;DOWN;DOWN;UP
123;1514278800;12681,65;12780,83;12737,56;12720,01;14,09419499;26.12.2017 09:00;12727,49667;-89,94789641;-2,238851449;0,024890537;40,39646599;-1,310031368;-0,032429356;UP;UP;UP
124;1514277900;12700;12874,39;12842,91;12731,46;20,76841679;26.12.2017 08:45;12768,61667;-90,12856372;-0,180667312;0,002004551;49,20310664;8,806640656;0,17898546;UP;UP;UP
125;1514277000;12830,88;12881,08;12881,08;12835,01;15,86419622;26.12.2017 08:30;12848,99;-79,52363459;10,60492914;-0,13335569;57,30062229;8,097515646;0,141316365;UP;UP;UP
126;1514276100;12850,42;12980;12965,23;12881,08;12,07498109;26.12.2017 08:15;12903,83333;-61,52394977;17,99968482;-0,29256387;58,69036522;1,389742936;0,023679235;UP;UP;UP
127;1514275200;12955,35;13020;12981,74;12973,43;18,23556402;26.12.2017 08:00;12982,92667;-42,26719209;19,25675768;-0,455595859;63,05293934;4,36257412;0,069189068;UP;DOWN;UP
128;1514274300;12970,74;13015,78;12976,5;12977,36;14,50904909;26.12.2017 07:45;12987,96;-27,81276017;14,45443192;-0,51970505;70,20848758;7,155548238;0,101918564;DOWN;DOWN;UP
129;1514273400;12933,2;13015;12956,7;12976,51;13,07062354;26.12.2017 07:30;12974,90333;-18,35578265;9,45697752;-0,515204266;62,42235806;-7,786129524;-0,124733025;UP;UP;UP
130;1514272500;12949;13049,99;13040,01;12956,7;23,13922729;26.12.2017 07:15;12985,23;-11,09664195;7,259140697;-0,654174545;62,93882191;0,516463852;0,008205807;UP;UP;UP
131;1514271600;13040;13100;13087,47;13040,01;13,96783255;26.12.2017 07:00;13060,00333;2,748428511;13,84507046;5,03744973;64,84984075;1,911018842;0,029468366;UP;DOWN;DOWN
132;1514270700;13024,8;13100;13039,99;13087,46;13,14365112;26.12.2017 06:45;13070,75333;16,73294113;13,98451262;0,835747434;70,47334443;5,62350368;0,07979618;DOWN;DOWN;DOWN
133;1514269800;12979,75;13099;12979,75;13044,99;13,54252077;26.12.2017 06:30;13041,24667;24,67115741;7,938216284;0,321761;64,77855572;-5,694788708;-0,087911634;DOWN;DOWN;DOWN
134;1514268900;12933;12981,77;12963,68;12979,75;7,73032301;26.12.2017 06:15;12964,84;27,71455652;3,043399107;0,109812297;58,18867544;-6,58988028;-0,11325022;DOWN;DOWN;DOWN
135;1514268000;12900;12981,77;12900,01;12963,7;5,36165559;26.12.2017 06:00;12948,49;30,54459996;2,830043443;0,092652824;61,52982568;3,341150232;0,054301312;DOWN;DOWN;DOWN
136;1514267100;12817,54;12983,69;12817,56;12900;21,41550613;26.12.2017 05:45;12900,41;26,37335359;-4,171246368;-0,158161394;64,03444414;2,504618459;0,039113613;DOWN;DOWN;UP
137;1514266200;12800;12999,26;12880,97;12817,56;10,48910575;26.12.2017 05:30;12872,27333;11,74401741;-14,62933618;-1,245684135;63,2777153;-0,756728837;-0,011958852;DOWN;UP;DOWN
138;1514265300;12636,12;13071,02;12999,48;12880,98;29,4085904;26.12.2017 05:15;12862,70667;5,949827896;-5,794189518;-0,973841533;57,52851222;-5,749203077;-0,099936585;UP;DOWN;DOWN
139;1514264400;12800,24;12999,01;12800,25;12999,01;30,22551;26.12.2017 05:00;12932,75333;9,997173366;4,04734547;0,404848983;59,27831404;1,749801823;0,029518414;DOWN;DOWN;DOWN
140;1514263500;12710;12858;12752,49;12800,25;10,4289259;26.12.2017 04:45;12789,41667;-6,240892276;-16,23806564;2,601882059;48,54418335;-10,7341307;-0,221120842;DOWN;DOWN;DOWN
141;1514262600;12670,74;12890;12722,06;12752,96;11,15630834;26.12.2017 04:30;12771,23333;-22,60337113;-16,36247885;0,723895509;43,56326357;-4,98091978;-0,114337618;DOWN;DOWN;DOWN
142;1514261700;12667,44;12840,89;12690;12714,55;13,92686843;26.12.2017 04:15;12740,96;-37,53911926;-14,93574814;0,397871565;36,61254667;-6,950716902;-0,189845218;DOWN;DOWN;DOWN
143;1514260800;12514,99;12690;12663;12690;6,19272442;26.12.2017 04:00;12631,66333;-52,55862024;-15,01950098;0,285766653;36,75617794;0,143631279;0,003907677;DOWN;DOWN;DOWN
144;1514259900;12427,62;12663;12427,62;12659,5;14,28892523;26.12.2017 03:45;12583,37333;-68,50416242;-15,94554218;0,232767494;31,74287133;-5,013306616;-0,157934881;DOWN;DOWN;DOWN
145;1514259000;12151,44;12445,33;12187,08;12427,62;9,36037054;26.12.2017 03:30;12341,46333;-100,7025915;-32,19842911;0,31973784;21,62949619;-10,11337514;-0,46757331;DOWN;DOWN;DOWN
146;1514258100;12176,91;12187,1;12187,09;12187,09;2,65758037;26.12.2017 03:15;12183,7;-145,163701;-44,46110945;0,306282557;14,97897758;-6,650518612;-0,443990157;DOWN;DOWN;UP
147;1514257200;12114;12190,95;12159,01;12187,1;1,16249977;26.12.2017 03:00;12164,01667;-178,251986;-33,08828498;0,185626459;15,85424512;0,87526754;0,055207141;UP;UP;UP
148;1514256300;12159;12190,95;12190,95;12159,01;2,91122101;26.12.2017 02:45;12169,65333;-205,1076413;-26,8556553;0,130934446;17,64869403;1,794448914;0,101676017;UP;UP;UP
149;1514255400;12179,03;12190,95;12190,93;12190,95;2,31990503;26.12.2017 02:30;12186,97667;-220,0439572;-14,93631589;0,067878782;19,81963831;2,17094428;0,10953501;DOWN;UP;UP
150;1514254500;12159,48;12190,96;12163,48;12190,94;2,56334805;26.12.2017 02:15;12180,46;-230,7949262;-10,75096899;0,046582345;20,20481896;0,385180649;0,019063801;UP;UP;UP
151;1514253600;12164;12240;12212,75;12193,7;3,99348872;26.12.2017 02:00;12199,23333;-238,2225006;-7,42757446;0,031179147;24,51640891;4,311589948;0,175865477;UP;UP;UP
152;1514252700;12199,5;12260,39;12260,39;12212,75;3,32577878;26.12.2017 01:45;12224,21333;-234,5639273;3,658573327;-0,01559734;28,42840512;3,911996212;0,137608712;UP;UP;UP
153;1514251800;12182,69;12274,39;12199;12260,07;3,95453545;26.12.2017 01:30;12239,05;-222,3137434;12,25018385;-0,055103133;11,74711123;-16,68129389;-1,420033706;DOWN;UP;UP
154;1514250900;12199,21;12277,74;12277,74;12199,21;9,33161104;26.12.2017 01:15;12225,38667;-214,42833;7,885413404;-0,036774121;15,38466967;3,63755844;0,236440464;UP;UP;UP
155;1514250000;12248,53;12290,5;12290,5;12277,74;3,89922704;26.12.2017 01:00;12272,25667;-197,5205083;16,90782168;-0,085600335;26,15526439;10,77059472;0,411794527;UP;UP;UP
156;1514249100;12290,5;12320,01;12307,09;12290,5;6,78016856;26.12.2017 00:45;12300,33667;-179,832322;17,68818638;-0,098359328;33,47301669;7,317752304;0,218616457;UP;UP;UP
157;1514248200;12305,92;12371,78;12370,01;12307,09;3,60714981;26.12.2017 00:30;12328,26333;-155,3453262;24,48699579;-0,157629434;46,26422532;12,79120863;0,276481634;UP;DOWN;DOWN
158;1514247300;12341,98;12399;12341,98;12370,01;4,28134804;26.12.2017 00:15;12370,33;-121,1901693;34,15515686;-0,281831085;53,21588434;6,951659017;0,130631279;DOWN;DOWN;DOWN
159;1514246400;12285,75;12342;12306,01;12341,98;4,76146852;26.12.2017 00:00;12323,24333;-94,52139629;26,66877303;-0,282145356;62,36836197;9,152477629;0,146748725;DOWN;UP;UP
160;1514245500;12301;12348,94;12348,93;12306,01;5,18685514;25.12.2017 23:45;12318,65;-74,4197028;20,10169349;-0,27011252;67,5769472;5,208585234;0,077076362;UP;UP;UP
161;1514244600;12301,81;12374,5;12347,98;12348,94;6,77243358;25.12.2017 23:30;12341,75;-53,35646248;21,06324032;-0,394764558;73,55829541;5,981348212;0,081314394;UP;UP;DOWN
162;1514243700;12320;12377;12324;12347,98;6,77320321;25.12.2017 23:15;12348,32667;-35,69620378;17,6602587;-0,494737726;75,90751873;2,349223313;0,030948493;UP;DOWN;DOWN
163;1514242800;12309,08;12449,97;12309,08;12324;8,6380523;25.12.2017 23:00;12361,01667;-23,42129394;12,27490984;-0,524091874;77,30718457;1,399665844;0,018105249;DOWN;DOWN;DOWN
164;1514241900;12260;12319;12260,88;12310;7,86789173;25.12.2017 22:45;12296,33333;-13,43857504;9,982718902;-0,742840582;70,62589249;-6,68129208;-0,09460117;DOWN;DOWN;DOWN
165;1514241000;12205;12320,46;12221,28;12262,16;9,43534963;25.12.2017 22:30;12262,54;-8,448941365;4,989633675;-0,590563179;62,66787443;-7,958018059;-0,126987202;DOWN;UP;UP
166;1514240100;12214,01;12298,97;12273,16;12222,42;6,7265768;25.12.2017 22:15;12245,13333;-7,632754338;0,816187027;-0,106932176;53,95421512;-8,713659315;-0,161500993;UP;UP;UP
167;1514239200;12255,56;12300;12255,57;12273,16;10,30505192;25.12.2017 22:00;12276,24;-3,588849387;4,043904951;-1,126797063;55,72845345;1,774238336;0,031837207;UP;UP;UP
168;1514238300;12250;12325;12289,89;12255,57;7,01147225;25.12.2017 21:45;12276,85667;-1,904142936;1,684706451;-0,884758397;62,87778834;7,149334887;0,113702073;UP;UP;UP
169;1514237400;12250;12349,98;12298,08;12289,9;5,42162076;25.12.2017 21:30;12296,62667;2,674840049;4,578982985;1,711871701;61,95997802;-0,917810319;-0,014812954;UP;UP;UP
170;1514236500;12240,01;12399;12398;12298,09;8,82218992;25.12.2017 21:15;12312,36667;5,8086805;3,133840451;0,539509868;62,58156367;0,621585645;0,009932408;UP;DOWN;UP
171;1514235600;12200;12399;12265,94;12394,34;12,74812234;25.12.2017 21:00;12331,11333;15,56875413;9,76007363;0,626901392;63,38366942;0,802105758;0,01265477;DOWN;UP;UP
172;1514234700;12251,02;12410,92;12410,92;12266,98;14,78967069;25.12.2017 20:45;12309,64;9,531100705;-6,037653425;-0,633468642;54,39346691;-8,990202514;-0,165280925;UP;UP;UP
173;1514233800;12410,91;12452,2;12452,01;12410,92;6,04351959;25.12.2017 20:30;12424,67667;16,71538312;7,184282418;0,429800643;62,2775585;7,884091591;0,126596029;UP;UP;UP
174;1514232900;12409;12474;12410,01;12452,01;7,23541363;25.12.2017 20:15;12445,00333;25,34860331;8,633220185;0,340579719;66,79819406;4,520635556;0,067676015;DOWN;UP;UP
175;1514232000;12410;12488,96;12488,96;12410,01;6,50935809;25.12.2017 20:00;12436,32333;28,5604479;3,211844594;0,112457781;61,22951631;-5,568677751;-0,090947603;UP;UP;UP
176;1514231100;12429,97;12494,23;12441,97;12488,96;7,15320606;25.12.2017 19:45;12471,05333;38,12348101;9,563033104;0,250843649;61,15956991;-0,069946393;-0,00114367;DOWN;UP;DOWN
177;1514230200;12433,88;12512;12498,99;12437,91;8,05869198;25.12.2017 19:30;12461,26333;41,44187108;3,318390077;0,080073365;55,21396652;-5,945603396;-0,107682961;UP;UP;UP
178;1514229300;12450;12499;12463,95;12498,99;8,59175299;25.12.2017 19:15;12482,66333;50,24662212;8,804751038;0,175230705;62,34385386;7,129887345;0,114363917;DOWN;UP;UP
179;1514228400;12410;12500;12446,5;12500;5,81144588;25.12.2017 19:00;12470;55,97881952;5,732197394;0,102399398;61,89790937;-0,445944489;-0,007204516;UP;UP;DOWN
180;1514227500;12435,08;12590,01;12555,7;12446,5;9,54787228;25.12.2017 18:45;12490,53;54,59378841;-1,385031101;-0,025369756;68,86167786;6,963768492;0,101126907;UP;DOWN;DOWN
181;1514226600;12421,87;12555,7;12421,88;12555,69;7,33949323;25.12.2017 18:30;12511,08667;62,93283747;8,339049051;0,13250712;69,64747741;0,78579955;0,011282527;DOWN;DOWN;DOWN
182;1514225700;12399,11;12470,05;12470,02;12421,88;13,16138387;25.12.2017 18:15;12430,34667;56,34752921;-6,585308254;-0,116869512;62,47564194;-7,171835477;-0,114794106;UP;DOWN;UP
183;1514224800;12389,87;12480;12392,09;12470,12;9,11636341;25.12.2017 18:00;12446,66333;52,86331854;-3,484210669;-0,065909798;64,4089384;1,933296465;0,030015965;DOWN;DOWN;UP
184;1514223900;12364;12486,85;12400,01;12392,22;22,67932708;25.12.2017 17:45;12414,35667;45,97621448;-6,887104062;-0,14979711;58,16891655;-6,240021852;-0,107274163;UP;UP;UP
185;1514223000;12400;12530,01;12530;12400;12,05603079;25.12.2017 17:30;12443,33667;37,18382395;-8,792390533;-0,236457405;62,36387465;4,194958097;0,067265835;UP;UP;DOWN
186;1514222100;12500;12580;12500;12530;19,8931027;25.12.2017 17:15;12536,66667;40,32647807;3,142654122;0,07793029;71,36080172;8,996927073;0,126076597;DOWN;DOWN;DOWN
187;1514221200;12450,36;12523,81;12450,36;12500;7,72339633;25.12.2017 17:00;12491,39;40,80722661;0,48074854;0,011780966;58,46628892;-12,8945128;-0,220546114;DOWN;DOWN;UP
188;1514220300;12330;12480,59;12400,01;12450,36;9,35690874;25.12.2017 16:45;12420,31667;34,13341785;-6,673808756;-0,195521257;53,61598908;-4,850299833;-0,090463683;UP;UP;UP
189;1514219400;12400;12599,99;12599,99;12400,01;11,38086654;25.12.2017 16:30;12466,66667;24,57040364;-9,563014217;-0,389208674;59,1934033;5,577414219;0,094223577;UP;DOWN;DOWN
190;1514218500;12495,8;12600;12495,8;12599,99;9,671857;25.12.2017 16:15;12565,26333;33,39686876;8,826465123;0,2642902;60,50680211;1,313398807;0,021706631;DOWN;DOWN;DOWN
191;1514217600;12357,46;12498;12380,85;12495,8;11,77878392;25.12.2017 16:00;12450,42;29,41564534;-3,981223415;-0,135343739;59,49105792;-1,015744193;-0,017073897;DOWN;DOWN;DOWN
192;1514216700;12373,77;12501,03;12436,29;12383,82;11,41165002;25.12.2017 15:45;12419,54;16,04059944;-13,37504591;-0,833824569;53,0026737;-6,488384212;-0,122416168;DOWN;DOWN;DOWN
193;1514215800;12300,95;12438,88;12300,95;12436,29;9,65749237;25.12.2017 15:30;12392,04;7,787147926;-8,253451509;-1,059881177;52,09168214;-0,910991566;-0,017488235;DOWN;DOWN;DOWN
194;1514214900;12260,38;12499;12260,39;12300,95;12,41392638;25.12.2017 15:15;12353,44333;-8,739815978;-16,5269639;1,890996784;47,3645942;-4,727087936;-0,099802142;DOWN;DOWN;DOWN
195;1514214000;12114,36;12288,14;12209,29;12260,39;14,02533231;25.12.2017 15:00;12220,96333;-26,37917665;-17,63936067;0,668685035;40,87757557;-6,487018633;-0,15869382;UP;UP;UP
196;1514213100;12150;12305,67;12226,48;12209,98;17,15377001;25.12.2017 14:45;12221,88333;-42,90236236;-16,5231857;0,385134636;47,28630352;6,408727945;0,135530322;UP;UP;UP
197;1514212200;12226,49;12514,19;12320,1;12240;20,56589096;25.12.2017 14:30;12326,89333;-51,83089047;-8,928528117;0,17226268;48,38323753;1,096934018;0,022671778;UP;UP;UP
198;1514211300;12222;12445,3;12385,54;12320,11;20,21966865;25.12.2017 14:15;12329,13667;-55,45138501;-3,620494539;0,065291328;56,27750097;7,894263432;0,14027388;UP;UP;UP
199;1514210400;12153,85;12493,59;12364,52;12385,95;16,1289682;25.12.2017 14:00;12344,46333;-49,67099173;5,780393285;-0,116373623;55,66977068;-0,60773029;-0,010916702;UP;UP;UP
200;1514209500;12250;12732,08;12600,01;12364,52;20,10675487;25.12.2017 13:45;12448,86667;-45,0438393;4,627152427;-0,102725534;56,58796671;0,918196031;0,016225994;UP;UP;UP
201;1514208600;12600,01;12869,36;12705,99;12600,01;15,45703665;25.12.2017 13:30;12689,79333;-18,4836364;26,5602029;-1,43695766;67,12414256;10,53617585;0,156965519;UP;UP;UP
202;1514207700;12700;12879,09;12750,01;12706;21,70275307;25.12.2017 13:15;12761,69667;8,443378189;26,92701459;3,189128094;72,35571887;5,231576312;0,072303563;UP;UP;UP
203;1514206800;12746,23;13055,01;13055;12750;17,66643833;25.12.2017 13:00;12850,41333;35,20367018;26,76029199;0,760156309;74,04459434;1,68887547;0,022808896;UP;UP;UP
204;1514205900;12930,01;13114,99;12974,93;13055,01;20,46302749;25.12.2017 12:45;13033,33667;87,15703098;51,9533608;0,596089153;74,85812758;0,813533241;0,010867668;DOWN;DOWN;DOWN
205;1514205000;12867;12995;12883,05;12974,97;18,44274372;25.12.2017 12:30;12945,65667;118,4480959;31,29106488;0,264175331;71,06037475;-3,797752832;-0,05344403;DOWN;DOWN;DOWN
206;1514204100;12813,99;12900;12814;12883,03;15,90101215;25.12.2017 12:15;12865,67333;135,8738763;17,42578043;0,128249675;68,84449693;-2,215877815;-0,032186709;DOWN;DOWN;DOWN
207;1514203200;12752,1;12841,78;12779,39;12814;11,30852978;25.12.2017 12:00;12802,62667;144,1084385;8,234562196;0,05714143;67,41008144;-1,434415493;-0,021278946;DOWN;DOWN;DOWN
208;1514202300;12700;12850;12800;12776,31;20,31652969;25.12.2017 11:45;12775,43667;145,6246167;1,516178172;0,010411551;66,85372815;-0,556353293;-0,008321949;DOWN;DOWN;DOWN
209;1514201400;12611,4;12800;12622,27;12800;22,79357717;25.12.2017 11:30;12737,13333;147,5487324;1,924115747;0,013040544;64,59824807;-2,255480074;-0,034915499;DOWN;DOWN;DOWN
210;1514200500;12587,85;12637,21;12637,21;12622,28;10,31113066;25.12.2017 11:15;12615,78;128,5842553;-18,96447714;-0,147486775;56,999585;-7,598663071;-0,133310849;UP;DOWN;DOWN
211;1514199600;12620;12690;12620,82;12637,21;10,98806808;25.12.2017 11:00;12649,07;112,2757712;-16,30848404;-0,145253814;55,92605218;-1,073532819;-0,019195577;DOWN;DOWN;DOWN
212;1514198700;12570;12629,4;12575,01;12620,82;7,79201361;25.12.2017 10:45;12606,74;98,75065514;-13,52511609;-0,136962292;49,75978085;-6,166271334;-0,12392079;DOWN;DOWN;DOWN
213;1514197800;12471,65;12671,77;12553;12575,01;9,17709938;25.12.2017 10:30;12572,81;77,11302579;-21,63762935;-0,280596295;43,79974828;-5,960032571;-0,136074585;UP;DOWN;DOWN
214;1514196900;12552,99;12630;12553;12552,99;11,0705766;25.12.2017 10:15;12578,66;53,96134141;-23,15168438;-0,429042047;42,1417205;-1,658027779;-0,039344093;DOWN;DOWN;DOWN
215;1514196000;12373,82;12600;12373,83;12553;17,42312549;25.12.2017 10:00;12508,94;33,11731567;-20,84402574;-0,629399615;34,67840716;-7,463313344;-0,215214999;DOWN;UP;UP
216;1514195100;12373,82;12510,19;12510,19;12373,83;11,77719006;25.12.2017 09:45;12419,28;-5,711288398;-38,82860407;6,79857177;27,26703137;-7,41137579;-0,271807213;UP;UP;UP
217;1514194200;12510;12657,01;12657;12510,19;14,00189615;25.12.2017 09:30;12559,06667;-23,5981377;-17,8868493;0,757977156;23,63574867;-3,631282697;-0,153635188;UP;UP;UP
218;1514193300;12537,94;12677,72;12600,36;12657,07;12,6807488;25.12.2017 09:15;12624,24333;-23,75431407;-0,156176369;0,006574653;22,11332662;-1,522422052;-0,06884636;UP;UP;DOWN
219;1514192400;12587,34;12850;12680;12600,87;19,5176184;25.12.2017 09:00;12679,40333;-27,41111635;-3,656802282;0,133405814;29,57902212;7,465695504;0,25239832;DOWN;DOWN;DOWN
220;1514191500;12524,47;12686,59;12524,48;12678,41;15,75739098;25.12.2017 08:45;12629,82333;-24,15503809;3,256078259;-0,134799136;29,47456619;-0,104455931;-0,003543934;DOWN;DOWN;DOWN
221;1514190600;12395,54;12524,48;12395,54;12524,48;9,09038787;25.12.2017 08:30;12481,5;-37,39540747;-13,24036937;0,354064049;29,54114612;0,066579932;0,002253803;DOWN;DOWN;DOWN
222;1514189700;12337,23;12414,91;12337,23;12395,54;6,33978234;25.12.2017 08:15;12382,56;-56,51014921;-19,11474174;0,338253252;29,92156617;0,380420048;0,012713908;UP;UP;DOWN
223;1514188800;12337,16;12480;12412,11;12337,23;6,79675065;25.12.2017 08:00;12384,79667;-76,95768906;-20,44753985;0,265698465;35,81601664;5,894450466;0,164575824;UP;DOWN;DOWN
224;1514187900;12335,39;12458,54;12364,81;12412,02;6,60371712;25.12.2017 07:45;12401,98333;-84,59468359;-7,636994525;0,090277476;43,54379346;7,727776825;0,177471373;DOWN;DOWN;DOWN
225;1514187000;12277,3;12444;12300;12364,81;4,91992567;25.12.2017 07:30;12362,03667;-92,63860358;-8,043919991;0,086831188;38,07920328;-5,464590179;-0,143505896;DOWN;DOWN;DOWN
226;1514186100;12300;12416,93;12397,07;12300;7,44902995;25.12.2017 07:15;12338,97667;-103,9128682;-11,27426467;0,108497291;39,63084168;1,551638402;0,039152295;UP;DOWN;DOWN
227;1514185200;12211,01;12462,28;12211,01;12397,07;5,92114325;25.12.2017 07:00;12356,78667;-100,2245572;3,688311065;-0,036800473;44,56889571;4,938054022;0,11079597;DOWN;DOWN;DOWN
228;1514184300;12153,14;12245,99;12158,27;12211,01;4,03323955;25.12.2017 06:45;12203,38;-107,7330431;-7,50848589;0,069695292;39,40440064;-5,164495062;-0,131063916;UP;UP;UP
229;1514183400;12158,27;12320,01;12320,01;12158,27;6,80094735;25.12.2017 06:30;12212,18333;-119,4109162;-11,67787316;0,097795692;44,16319382;4,758793175;0,107754733;UP;UP;DOWN
230;1514182500;12320;12343,04;12340;12320;1,86510622;25.12.2017 06:15;12327,68;-111,8530516;7,557864647;-0,067569588;52,83402409;8,67083027;0,164114516;DOWN;DOWN;DOWN
231;1514181600;12149,99;12344,64;12150;12344,64;3,71805042;25.12.2017 06:00;12279,75667;-101,2559628;10,59708878;-0,104656442;47,50191538;-5,332108704;-0,112250394;DOWN;DOWN;DOWN
232;1514180700;12100,1;12178,14;12157,09;12150;1,66185897;25.12.2017 05:45;12142,74667;-111,9874124;-10,73144958;0,095827284;39,3084807;-8,193434688;-0,208439363;UP;UP;UP
233;1514179800;12137,43;12249,21;12248,3;12137,43;2,21190518;25.12.2017 05:30;12174,69;-117,0214251;-5,034012756;0,043017873;32,52391582;-6,784564878;-0,208602338;UP;UP;UP
234;1514178900;12170,19;12248,3;12234,16;12248,3;2,47952182;25.12.2017 05:15;12222,26333;-106,2456504;10,77577471;-0,101423208;42,0932455;9,569329683;0,227336466;UP;UP;UP
235;1514178000;12227,67;12377,84;12377,83;12237,71;3,76337656;25.12.2017 05:00;12281,07333;-95,21769127;11,02795917;-0,115818384;53,84352112;11,75027562;0,218230074;UP;UP;DOWN
236;1514177100;12302,02;12482,09;12304,83;12377,83;4,54580743;25.12.2017 04:45;12387,31333;-75,60565791;19,61203336;-0,259399017;64,21094583;10,36742471;0,161458838;DOWN;DOWN;DOWN
237;1514176200;12241,08;12400;12296,1;12304,81;5,74534215;25.12.2017 04:30;12315,29667;-64,42823753;11,17742038;-0,17348636;55,89710413;-8,313841701;-0,148734748;DOWN;DOWN;DOWN
238;1514175300;12133,28;12296,12;12133,28;12296,1;1,6756666;25.12.2017 04:15;12241,83333;-53,89113135;10,53710618;-0,195525793;45,80064759;-10,09645654;-0,220443532;DOWN;DOWN;DOWN
239;1514174400;12000,01;12133,28;12010,01;12133,27;6,56151698;25.12.2017 04:00;12088,85333;-62,30867295;-8,41754161;0,135094221;49,8284099;4,027762313;0,080832648;DOWN;UP;UP
240;1514173500;12010,01;12102,37;12102,36;12010,01;5,70986768;25.12.2017 03:45;12040,79667;-75,03071569;-12,72204274;0,169557795;48,54184223;-1,28656767;-0,026504302;UP;UP;UP
241;1514172600;12100;12179,4;12100,06;12100;3,25934807;25.12.2017 03:30;12126,46667;-73,9771541;1,053561589;-0,014241716;46,82288862;-1,718953611;-0,036711823;DOWN;UP;UP
242;1514171700;12100;12132,82;12132,81;12100,06;7,80688526;25.12.2017 03:15;12110,96;-77,54786877;-3,570714669;0,046045297;49,2105458;2,387657178;0,048519218;UP;UP;UP
243;1514170800;12128,21;12264,99;12156,66;12132,81;9,87672539;25.12.2017 03:00;12175,33667;-75,35749156;2,190377216;-0,029066483;52,47589669;3,265350897;0,062225728;DOWN;UP;UP
244;1514169900;12100;12250,4;12200;12156,66;6,33203783;25.12.2017 02:45;12169,02;-63,92577126;11,4317203;-0,178828039;38,65667617;-13,81922052;-0,357486;UP;UP;UP
245;1514169000;12200;12318,1;12318,09;12200;17,21081188;25.12.2017 02:30;12239,36667;-49,6937716;14,23199966;-0,286394033;45,70860573;7,051929561;0,154280128;UP;UP;UP
246;1514168100;12318,09;12318,1;12318,1;12318,1;7,32477572;25.12.2017 02:15;12318,09667;-28,02728738;21,66648422;-0,773049633;59,77618162;14,06757589;0,235337479;DOWN;UP;UP
247;1514167200;12252;12318,1;12300;12318,1;8,86518957;25.12.2017 02:00;12296,06667;-11,49592219;16,53136518;-1,438019926;53,75972744;-6,016454184;-0,111913778;UP;UP;UP
248;1514166300;12300;12500;12458,79;12300;5,9051945;25.12.2017 01:45;12366,66667;-4,419608352;7,076313841;-1,601117854;57,16835026;3,408622824;0,059624299;UP;UP;UP
249;1514165400;12324,52;12460,15;12460,01;12458,79;8,28166987;25.12.2017 01:30;12414,48667;16,91184127;21,33144962;1,26133218;58,75105486;1,582704594;0,026939169;UP;UP;UP
250;1514164500;12453,1;12563,16;12457,58;12468,32;9,46501179;25.12.2017 01:15;12494,86;35,4412308;18,52938953;0,522820148;60,67597477;1,924919911;0,031724582;UP;UP;UP
251;1514163600;12453,1;12665;12649,98;12459,09;24,43551823;25.12.2017 01:00;12525,73;52,26257816;16,82134736;0,32186218;67,00471061;6,328735843;0,094452103;UP;UP;DOWN
252;1514162700;12621,51;12650;12621,52;12649,99;20,97160783;25.12.2017 00:45;12640,5;85,04768586;32,7851077;0,385490885;76,83229443;9,827583816;0,127909545;DOWN;DOWN;DOWN
253;1514161800;12509,99;12621,53;12510;12621,53;8,27807124;25.12.2017 00:30;12584,35;106,6231254;21,57543955;0,202352346;66,12246775;-10,70982668;-0,161969555;DOWN;UP;DOWN
254;1514160900;12334,99;12629,79;12629,13;12510;12,44280676;25.12.2017 00:15;12491,59333;110,4044978;3,781372345;0,034250166;65,19896358;-0,923504165;-0,014164399;UP;UP;DOWN
255;1514160000;12495,46;12640;12525,66;12629,13;15,95328041;25.12.2017 00:00;12588,19667;121,8852557;11,48075792;0,094193164;66,8154167;1,616453114;0,024192816;DOWN;DOWN;DOWN
256;1514159100;12335,24;12661,6;12367,78;12507,68;18,83396489;24.12.2017 23:45;12501,50667;119,6438499;-2,24140574;-0,018733982;61,49971885;-5,315697852;-0,086434507;DOWN;DOWN;DOWN
257;1514158200;12187,47;12483,19;12394,25;12365,42;18,4167199;24.12.2017 23:30;12345,36;102,9518854;-16,69196455;-0,162133646;53,14288934;-8,35682951;-0,157252073;UP;DOWN;DOWN
258;1514157300;12228,57;12490;12326,09;12394,26;13,9701879;24.12.2017 23:15;12370,94333;86,53209697;-16,41978842;-0,189753733;60,63329997;7,490410635;0,123536252;DOWN;DOWN;DOWN
259;1514156400;12170,27;12337,31;12170,27;12326,09;27,41106823;24.12.2017 23:00;12277,89;65,95451524;-20,57758174;-0,311996558;54,93483562;-5,698464356;-0,103731344;DOWN;DOWN;DOWN
260;1514155500;12005,99;12228;12006;12170,27;22,79966107;24.12.2017 22:45;12134,75333;36,11880307;-29,83571217;-0,826043768;43,72941226;-11,20542336;-0,256244545;DOWN;DOWN;DOWN
261;1514154600;11985,44;12016,62;11999;12006;8,20448209;24.12.2017 22:30;12002,68667;-6,82141043;-42,9402135;6,294917149;40,69130085;-3,038111401;-0,07466243;DOWN;DOWN;DOWN
262;1514153700;11883,86;12000,6;11883,87;11992,9;9,93116356;24.12.2017 22:15;11959,12;-40,5893934;-33,76798297;0,83194106;36,77358371;-3,917717147;-0,10653618;DOWN;UP;UP
263;1514152800;11883,87;12020;11941,63;11883,87;13,40138496;24.12.2017 22:00;11929,24667;-77,41167185;-36,82227845;0,475668301;33,46885454;-3,304729171;-0,098740432;UP;UP;UP
264;1514151900;11907,6;12050;12050;11941,62;9,18958811;24.12.2017 21:45;11966,40667;-105,0012249;-27,58955309;0,262754583;34,83637024;1,367515708;0,039255402;UP;DOWN;UP
265;1514151000;11944,61;12063,98;11944,61;12049,99;6,72394692;24.12.2017 21:30;12019,52667;-117,2641731;-12,26294815;0,104575403;34,64099551;-0,195374737;-0,005639986;DOWN;UP;UP
266;1514150100;11866,18;12080;12068,93;11944,6;14,63615349;24.12.2017 21:15;11963,59333;-134,8682248;-17,60405171;0,130527793;25,6709738;-8,970021703;-0,349422728;UP;UP;DOWN
267;1514149200;11950,01;12087,53;12086,01;12072,27;15,90089605;24.12.2017 21:00;12036,60333;-138,0574816;-3,189256769;0,023100934;33,75333985;8,082366049;0,239453817;DOWN;DOWN;DOWN
268;1514148300;11870,88;12130,11;11878,8;12086,01;14,0171081;24.12.2017 20:45;12029;-135,7458902;2,311591419;-0,017028813;32,59408854;-1,159251313;-0,035566306;DOWN;DOWN;DOWN
269;1514147400;11809,97;11947;11809,98;11875;11,98942597;24.12.2017 20:30;11877,32333;-148,7673148;-13,02142469;0,087528801;26,33687453;-6,25721401;-0,237583773;DOWN;DOWN;DOWN
270;1514146500;11663;11810;11787,75;11809,98;15,20182608;24.12.2017 20:15;11760,99333;-164,0902746;-15,32295975;0,093381279;26,95373831;0,616863778;0,022886019;DOWN;DOWN;DOWN
271;1514145600;11597,87;11846,57;11597,88;11803,61;12,56305331;24.12.2017 20:00;11749,35;-173,0967167;-9,006442082;0,05203127;27,5803046;0,626566293;0,022717889;DOWN;DOWN;DOWN
272;1514144700;11450;11722,71;11678,82;11597,88;9,36141486;24.12.2017 19:45;11590,19667;-192,257862;-19,16114536;0,09966378;18,87044864;-8,709855964;-0,46156062;UP;UP;UP
273;1514143800;11650;11750;11748,02;11678,82;14,50981942;24.12.2017 19:30;11692,94;-193,4191645;-1,161302443;0,006004071;24,13043343;5,259984797;0,217981364;UP;DOWN;UP
274;1514142900;11600;11748,52;11682,96;11748,03;16,81858723;24.12.2017 19:15;11698,85;-185,085009;8,334155496;-0,045028798;34,00205605;9,871622618;0,290324285;DOWN;UP;UP
275;1514142000;11651;11738,3;11737,6;11685,86;11,81700556;24.12.2017 19:00;11691,72;-177,1754252;7,909583739;-0,044642668;35,32959739;1,327541342;0,037575898;UP;UP;UP
276;1514141100;11704;11850;11849,51;11737,6;9,39013232;24.12.2017 18:45;11763,86667;-164,4389286;12,73649667;-0,077454267;41,27955891;5,949961522;0,144138205;UP;UP;UP
277;1514140200;11809,06;11933,12;11900;11849,51;11,0338381;24.12.2017 18:30;11863,89667;-144,0371219;20,40180666;-0,141642699;46,76013116;5,480572243;0,117206092;DOWN;DOWN;UP
278;1514139300;11664,03;11900;11800,01;11900;14,87081645;24.12.2017 18:15;11821,34333;-116,2938248;27,74329711;-0,238562083;39,61934205;-7,140789112;-0,180234924;DOWN;UP;UP
279;1514138400;11707;11900;11869,12;11800;19,78838485;24.12.2017 18:00;11802,33333;-104,5768009;11,71702391;-0,112042287;33,18678484;-6,43255721;-0,193828876;UP;UP;UP
280;1514137500;11869,11;11955,5;11923,35;11869,12;10,29062548;24.12.2017 17:45;11897,91;-88,47622436;16,10057653;-0,181976307;41,25059456;8,063809726;0,195483479;UP;UP;UP
281;1514136600;11923,34;11973,6;11954,54;11923,34;10,63936774;24.12.2017 17:30;11940,09333;-62,66715421;25,80907015;-0,41184366;39,85378396;-1,396810602;-0,035048381;UP;UP;UP
282;1514135700;11966,5;12029,84;12029,81;11979,35;8,62932773;24.12.2017 17:15;11991,89667;-35,07732664;27,58982757;-0,786543052;46,95313684;7,099352882;0,151200822;UP;UP;UP
283;1514134800;12003,15;12091,01;12003,15;12029,81;14,69409926;24.12.2017 17:00;12041,32333;-8,665263978;26,41206267;-3,048039013;53,38131004;6,428173197;0,120419922;DOWN;UP;UP
284;1514133900;11953,38;12076,9;12076,9;12003,15;12,01031086;24.12.2017 16:45;12011,14333;15,93076988;24,59603386;1,543932531;52,51177854;-0,869531502;-0,01655879;UP;UP;DOWN
285;1514133000;12041,22;12130,11;12057,79;12076,36;13,76366264;24.12.2017 16:30;12082,56333;40,45313403;24,52236415;0,606191949;60,29823834;7,786459803;0,129132459;DOWN;DOWN;DOWN
286;1514132100;11965,2;12130;12100;12057,79;10,43069199;24.12.2017 16:15;12050,99667;55,18182424;14,72869021;0,266911984;59,76259077;-0,535647573;-0,008962924;DOWN;DOWN;DOWN
287;1514131200;11819,97;12100;11819,98;12100;18,20369245;24.12.2017 16:00;12006,65667;70,3184548;15,13663056;0,215258293;54,16358675;-5,59900402;-0,103372106;DOWN;UP;UP
288;1514130300;11700;12085,02;12042,6;11819,98;23,68741479;24.12.2017 15:45;11868,33333;54,75104289;-15,56741191;-0,284330875;45,1258448;-9,037741942;-0,20027862;UP;UP;UP
289;1514129400;11876,05;12150;12091,71;12042,61;18,38328374;24.12.2017 15:30;12022,88667;58,95526086;4,204217964;0,071312007;55,90576375;10,77991895;0,192823033;UP;UP;UP
290;1514128500;12022,03;12233,62;12231,04;12091,71;16,26906954;24.12.2017 15:15;12115,78667;65,62076356;6,665502706;0,101576122;57,46875321;1,562989455;0,027197205;UP;UP;DOWN
291;1514127600;12050;12299;12291,54;12231,03;14,8106078;24.12.2017 15:00;12193,34333;86,65519078;21,03442722;0,242737071;58,98893524;1,520182034;0,02577063;DOWN;DOWN;DOWN
292;1514126700;11928,87;12348,96;11936,05;12291,53;15,11949648;24.12.2017 14:45;12189,78667;105,2884194;18,63322862;0,176973201;57,8041894;-1,184745845;-0,020495847;DOWN;DOWN;DOWN
293;1514125800;11934,18;12036;11969,71;11936,05;13,24273455;24.12.2017 14:30;11968,74333;86,24381136;-19,04460804;-0,220822894;57,60602096;-0,198168437;-0,003440065;DOWN;UP;UP
294;1514124900;11900;12035,99;12035,98;11969,71;17,36284963;24.12.2017 14:15;11968,56667;72,5243771;-13,71943427;-0,18916997;49,70047811;-7,905542853;-0,159063718;UP;UP;UP
295;1514124000;12000;12199,99;12124;12035,99;19,62782797;24.12.2017 14:00;12078,66;63,59413302;-8,930244072;-0,140425597;51,42313769;1,722659582;0,033499698;DOWN;DOWN;UP
296;1514123100;11826,06;12195,38;12023,56;12124;18,27534124;24.12.2017 13:45;12048,48;63,59188255;-0,002250477;-3,54E-05;44,36828828;-7,054849412;-0,159006572;DOWN;UP;DOWN
297;1514122200;11833,97;12200,09;12117,71;12024,39;23,42980336;24.12.2017 13:30;12019,48333;51,51490494;-12,07697761;-0,23443657;38,65901019;-5,709278088;-0,147682987;UP;DOWN;DOWN
298;1514121300;11919,83;12371;11928,86;12120,17;28,0691774;24.12.2017 13:15;12137;47,86789732;-3,647007614;-0,076189008;47,19768694;8,538676746;0,180913034;DOWN;DOWN;DOWN
299;1514120400;11599,99;12192,17;11600;11928,86;39,81463351;24.12.2017 13:00;11907,00667;25,94389369;-21,92400363;-0,845054481;39,35277974;-7,844907199;-0,199348235;DOWN;DOWN;DOWN
300;1514119500;11433,53;11703,31;11450;11600;27,03342018;24.12.2017 12:45;11578,94667;-15,07146629;-41,01535999;2,721391481;35,71383711;-3,638942625;-0,101891673;DOWN;UP;UP
301;1514118600;11150;11543,87;11543,87;11450;37,0222443;24.12.2017 12:30;11381,29;-67,03416639;-51,9627001;0,775167394;33,81097434;-1,90286277;-0,056279442;UP;UP;UP
302;1514117700;11452;11975,9;11894,89;11544,37;28,37955146;24.12.2017 12:15;11657,42333;-99,49425304;-32,46008665;0,32625087;43,29856879;9,487594448;0,219120278;UP;DOWN;DOWN
303;1514116800;11558,78;11920;11815,23;11888,09;26,91929643;24.12.2017 12:00;11788,95667;-94,78864646;4,70560658;-0,049643146;44,04646152;0,747892733;0,016979633;DOWN;DOWN;DOWN
304;1514115900;11211;11819,11;11315,96;11815,23;37,52816815;24.12.2017 11:45;11615,11333;-98,27662104;-3,487974578;0,035491397;37,22928661;-6,817174912;-0,18311323;DOWN;UP;UP
305;1514115000;11300;11595;11595;11300;29,83437796;24.12.2017 11:30;11398,33333;-140,7018131;-42,42519204;0,301525553;30,25904401;-6,970242606;-0,230352373;UP;UP;UP
306;1514114100;11389,99;11945;11945;11594,3;43,90619824;24.12.2017 11:15;11643,09667;-145,4634276;-4,761614494;0,032734101;37,10455443;6,84551042;0,184492457;UP;UP;UP
307;1514113200;11900;12100,61;12088;11945;20,48287515;24.12.2017 11:00;11981,87;-116,3580746;29,10535297;-0,250136083;45,5999336;8,495379168;0,186302446;UP;UP;UP
308;1514112300;12006;12249,1;12155,29;12088;21,01555362;24.12.2017 10:45;12114,36667;-80,71168846;35,64638615;-0,441650854;50,00027593;4,400342336;0,088006361;DOWN;DOWN;UP
309;1514111400;11800;12399,96;12000;12138,68;43,76125074;24.12.2017 10:30;12112,88;-44,48142898;36,23025948;-0,814503048;45,10547477;-4,894801162;-0,108519003;DOWN;UP;UP
310;1514110500;12000;12264;12166,35;12000;31,32790679;24.12.2017 10:15;12088;-30,96116496;13,52026402;-0,436684603;42,47094377;-2,634530996;-0,062031374;UP;UP;UP
311;1514109600;12047,62;12375,63;12375,63;12166,36;23,06702202;24.12.2017 10:00;12196,53667;0,535426439;31,4965914;58,82524484;48,48800084;6,017057069;0,124093734;UP;UP;UP
312;1514108700;12300;12605,25;12583,32;12375,64;24,07905142;24.12.2017 09:45;12426,96333;52,41194673;51,87652029;0,989784267;48,48524982;-0,00275102;-5,67E-05;UP;UP;UP
313;1514107800;12588,85;12806,99;12730,98;12593,98;15,12830597;24.12.2017 09:30;12663,27333;117,4681197;65,05617298;0,553819821;54,70609274;6,220842914;0,113713896;UP;UP;UP
314;1514106900;12606,99;12730,98;12683,06;12730,98;14,3376108;24.12.2017 09:15;12689,65;175,3692605;57,9011408;0,33016699;61,84160311;7,135510371;0,115383658;UP;UP;UP
315;1514106000;12677;12927,99;12927,99;12683,06;13,23253726;24.12.2017 09:00;12762,68333;209,1474742;33,77821364;0,161504287;67,41416815;5,57256504;0,08266163;UP;UP;UP
316;1514105100;12900;13000;12999,9;12927,98;10,79399072;24.12.2017 08:45;12942,66;258,3788162;49,23134205;0,19053939;65,57242774;-1,841740403;-0,028087116;DOWN;DOWN;DOWN
317;1514104200;12765,15;13000;12854,09;13000;12,27680462;24.12.2017 08:30;12921,71667;315,0796389;56,70082273;0,179957115;60,76638732;-4,806040427;-0,079090442;DOWN;DOWN;DOWN
318;1514103300;12598,12;12940;12683,22;12802;15,93948862;24.12.2017 08:15;12780,04;332,9665467;17,88690781;0,053719835;63,10883257;2,342445253;0,03711755;DOWN;DOWN;UP
319;1514102400;12541,17;12804,2;12611,87;12643,51;17,20031833;24.12.2017 08:00;12662,96;317,2993992;-15,66714757;-0,049376543;66,88047028;3,77163771;0,056393708;DOWN;UP;UP
320;1514101500;12537,03;12826;12826;12611,87;22,34049834;24.12.2017 07:45;12658,3;295,436921;-21,86247813;-0,074000494;60,01597586;-6,864494425;-0,114377786;UP;UP;UP
321;1514100600;12811;13056,86;13056,86;12825,99;10,13222924;24.12.2017 07:30;12897,95;294,0098943;-1,427026765;-0,004853669;57,4319923;-2,583983558;-0,044992059;UP;UP;UP
322;1514099700;12979,85;13179;13178,99;13056,73;14,31303226;24.12.2017 07:15;13071,86;314,954701;20,94480669;0,066501013;56,00372566;-1,428266643;-0,025503065;UP;DOWN;DOWN
323;1514098800;12925,39;13179;12974,19;13179;8,13525184;24.12.2017 07:00;13094,46333;334,1164251;19,1617241;0,05735044;62,71271604;6,70899038;0,106979745;DOWN;DOWN;DOWN
324;1514097900;12898;12991,93;12962,46;12974,73;11,64364822;24.12.2017 06:45;12954,88667;322,335999;-11,7804261;-0,036547038;71,7824898;9,069773761;0,126350783;DOWN;DOWN;DOWN
325;1514097000;12732,83;12973,06;12732,84;12962,45;12,93213316;24.12.2017 06:30;12889,44667;300,3969428;-21,93905613;-0,073033553;63,8167525;-7,965737298;-0,124822041;DOWN;DOWN;DOWN
326;1514096100;12416,03;12746,52;12614,99;12732,84;15,53619395;24.12.2017 06:15;12631,79667;250,3507527;-50,04619009;-0,199904292;55,76713985;-8,049612651;-0,144343294;UP;DOWN;DOWN
327;1514095200;12450;12880;12617,03;12614,99;11,92848753;24.12.2017 06:00;12648,33;194,8244382;-55,52631459;-0,285006928;53,93273334;-1,834406505;-0,03401286;DOWN;DOWN;DOWN
328;1514094300;12427,46;12694,31;12443,5;12617,33;10,81669556;24.12.2017 05:45;12579,7;142,346843;-52,47759515;-0,368660056;46,98785559;-6,944877753;-0,147801547;DOWN;DOWN;DOWN
329;1514093400;12194,9;12600;12194,9;12443,5;9,30637964;24.12.2017 05:30;12412,8;83,38552276;-58,96132024;-0,70709301;40,29550335;-6,692352238;-0,166081862;DOWN;DOWN;DOWN
330;1514092500;11999,9;12258,7;12039,8;12194,82;8,71903641;24.12.2017 05:15;12151,14;15,24823517;-68,1372876;-4,468535988;34,00585243;-6,289650925;-0,184957896;DOWN;DOWN;DOWN
331;1514091600;12000;12406,86;12054,36;12000,64;11,32673649;24.12.2017 05:00;12135,83333;-60,12586287;-75,37409803;1,253605261;34,50290953;0,497057103;0,014406237;DOWN;DOWN;UP
332;1514090700;11900,01;12147,22;12001,7;12055,18;18,05434269;24.12.2017 04:45;12034,13667;-111,6918529;-51,56599005;0,461680854;34,82223537;0,319325841;0,009170171;UP;UP;UP
333;1514089800;12001,57;12170;12169,24;12001,7;11,59137229;24.12.2017 04:30;12057,75667;-158,6231766;-46,93132371;0,29586675;44,05603263;9,233797263;0,20959212;UP;UP;UP
334;1514088900;12169,24;12320,29;12320,29;12169,24;10,6436649;24.12.2017 04:15;12219,59;-183,5813168;-24,95814017;0,135951417;51,88716507;7,831132434;0,150926196;UP;UP;UP
335;1514088000;12309;12449,68;12309;12320,29;10,55172859;24.12.2017 04:00;12359,65667;-191,1860533;-7,604736542;0,039776628;48,33904889;-3,548116181;-0,07340062;UP;UP;UP
336;1514087100;12309;12594,79;12589,05;12309,01;11,51206908;24.12.2017 03:45;12404,26667;-194,5654244;-3,379371028;0,017368816;48,33233193;-0,006716954;-0,000138974;UP;DOWN;UP
337;1514086200;12250,09;12600;12350,97;12579,05;39,43723135;24.12.2017 03:30;12476,38;-169,6247282;24,94069616;-0,147034553;47,20287239;-1,129459545;-0,023927772;DOWN;DOWN;DOWN
338;1514085300;12300;12517,92;12517,92;12350,97;16,64528472;24.12.2017 03:15;12389,63;-162,6595617;6,965166465;-0,042820517;39,65847491;-7,544397482;-0,190234181;UP;DOWN;UP
339;1514084400;12235,01;12660;12264,01;12529,48;32,69208877;24.12.2017 03:00;12474,83;-134,1830197;28,47654208;-0,212221652;47,12644854;7,46797363;0,158466718;DOWN;UP;UP
340;1514083500;12265,68;12556,44;12556,44;12265,68;26,58629427;24.12.2017 02:45;12362,6;-133,1565199;1,026499727;-0,007708971;42,9307711;-4,195677437;-0,097731239;UP;UP;UP
341;1514082600;12518;12699,99;12597,62;12556,8;10,74753267;24.12.2017 02:30;12591,59667;-100,1969479;32,95957203;-0,328947864;45,59095147;2,660180374;0,058348867;UP;DOWN;UP
342;1514081700;12501,54;12710,82;12540,54;12597,66;11,99514408;24.12.2017 02:15;12603,34;-60,24883301;39,94811489;-0,663052094;50,63153148;5,040580009;0,099554168;DOWN;UP;UP
343;1514080800;12501,51;12708,45;12708,45;12555;12,31380759;24.12.2017 02:00;12588,32;-25,40667523;34,84215778;-1,371378091;50,36223251;-0,269298972;-0,005347241;UP;UP;UP
344;1514079900;12635,27;12860,27;12750,01;12700;7,24416761;24.12.2017 01:45;12731,84667;13,71852464;39,12519987;2,851997638;55,05393845;4,691705939;0,085220169;UP;UP;UP
345;1514079000;12651,16;12885,32;12835,13;12750;11,06955716;24.12.2017 01:30;12762,16;49,59410142;35,87557678;0,723383946;58,5351708;3,48123235;0,05947249;UP;UP;UP
346;1514078100;12775,5;13116,67;12975,33;12843,96;9,40114125;24.12.2017 01:15;12912,04333;82,55298556;32,95888414;0,399245211;63,3796073;4,844436501;0,076435256;DOWN;UP;UP
347;1514077200;12599,9;13125,68;13099;12975,33;14,30995327;24.12.2017 01:00;12900,30333;119,1848402;36,63185465;0,307353306;57,73838507;-5,641222235;-0,097703152;UP;UP;UP
348;1514076300;13000;13212,63;13000,01;13099;22,79582579;24.12.2017 00:45;13103,87667;161,7603101;42,57546989;0,263200966;58,41055214;0,672167071;0,011507631;DOWN;DOWN;DOWN
349;1514075400;12894,8;13139,53;12894,8;13000,01;24,38063087;24.12.2017 00:30;13011,44667;180,4271863;18,66687615;0,103459332;50,76013305;-7,65041909;-0,150717081;DOWN;UP;UP
350;1514074500;12855;13141,05;13043,01;12894,66;21,09557547;24.12.2017 00:15;12963,57;187,4517132;7,024526903;0,037473794;43,6648344;-7,095298646;-0,162494574;UP;UP;UP
351;1514073600;12850;13249;13247,61;13016,65;28,97568901;24.12.2017 00:00;13038,55;198,7490563;11,29734318;0,056842248;45,89211991;2,227285511;0,048533071;UP;UP;UP
352;1514072700;12860;13500;13110,44;13247,66;26,99556514;23.12.2017 23:45;13202,55333;231,0478725;32,29881612;0,139792744;59,37473485;13,48261494;0,227076634;DOWN;UP;UP
353;1514071800;12809,82;13463;13462,77;13100,13;27,58912426;23.12.2017 23:30;13124,31667;232,6141347;1,566262243;0,006733306;50,53348243;-8,84125242;-0,174958305;UP;UP;UP
354;1514070900;13350,29;13550;13542,99;13462,44;21,08952775;23.12.2017 23:15;13454,24333;263,7224104;31,10827574;0,117958408;62,22256807;11,68908564;0,187859261;UP;UP;UP
355;1514070000;13503,8;13650;13553,49;13544,02;11,73629399;23.12.2017 23:00;13565,94;291,6437486;27,92133811;0,095737825;61,70036086;-0,522207207;-0,008463601;UP;UP;UP
356;1514069100;13409;13839;13839;13553,47;20,64354742;23.12.2017 22:45;13600,49;304,5077969;12,86404836;0,042245383;61,97974321;0,279382344;0,00450764;UP;UP;UP
357;1514068200;13814,55;13839;13837,34;13839;13,70779239;23.12.2017 22:30;13830,85;333,0728532;28,56505631;0,085762187;67,86841754;5,888674329;0,086766047;DOWN;DOWN;DOWN
358;1514067300;13800,54;13837,88;13810;13837,34;10,67937928;23.12.2017 22:15;13825,25333;348,5421531;15,4692999;0,044382867;62,67783271;-5,190584824;-0,082813725;DOWN;DOWN;DOWN
359;1514066400;13800,27;13838,99;13816,58;13810,01;8,61062627;23.12.2017 22:00;13816,42333;348,9932248;0,451071663;0,001292494;59,04400129;-3,633831417;-0,061544464;DOWN;DOWN;DOWN
360;1514065500;13768,99;13834,99;13830,74;13816,61;10,0952103;23.12.2017 21:45;13806,86333;343,2149525;-5,778272301;-0,016835724;55,3540147;-3,689986591;-0,066661589;UP;UP;DOWN
361;1514064600;13744,99;13850;13783,19;13832,75;10,78174842;23.12.2017 21:30;13809,24667;338,7219326;-4,493019941;-0,013264627;59,06278375;3,708769047;0,062793672;UP;DOWN;DOWN
362;1514063700;13779,89;13867,98;13779,9;13783,23;15,37612715;23.12.2017 21:15;13810,36667;327,9540877;-10,76784487;-0,032833391;58,63947523;-0,423308519;-0,007218832;DOWN;DOWN;DOWN
363;1514062800;13678,47;13795,98;13678,47;13779,9;16,72057014;23.12.2017 21:00;13751,45;314,6289502;-13,32513746;-0,042351912;60,14333739;1,503862158;0,025004634;DOWN;UP;DOWN
364;1514061900;13605,46;13804,1;13790;13677,08;14,91018248;23.12.2017 20:45;13695,54667;282,1699449;-32,45900537;-0,115033532;61,74389342;1,60055603;0,025922499;UP;DOWN;DOWN
365;1514061000;13682,04;13867,98;13688,91;13790;19,04337482;23.12.2017 20:30;13780,00667;267,9280396;-14,24190522;-0,05315571;60,91858953;-0,825303888;-0,013547653;DOWN;DOWN;DOWN
366;1514060100;13569,95;13794,02;13569,95;13688,91;19,93777868;23.12.2017 20:15;13684,29333;231,6475129;-36,28052678;-0,156619539;50,98476204;-9,933827489;-0,194839146;DOWN;DOWN;DOWN
367;1514059200;13429,34;13600;13474,18;13569,95;11,61198833;23.12.2017 20:00;13533,09667;188,9051085;-42,74240439;-0,226263888;52,39946079;1,414698746;0,026998345;DOWN;DOWN;UP
368;1514058300;13355;13577;13362,96;13474,18;18,26971153;23.12.2017 19:45;13468,72667;142,9280542;-45,9770543;-0,321679705;43,32597684;-9,07348395;-0,209423644;DOWN;UP;UP
369;1514057400;13331;13674,01;13674;13363,06;19,12482664;23.12.2017 19:30;13456,02333;86,00356976;-56,92448442;-0,661885135;33,66970978;-9,656267056;-0,28679389;UP;UP;UP
370;1514056500;13674;13711,05;13711,05;13674,5;12,36968522;23.12.2017 19:15;13686,51667;68,55612148;-17,44744828;-0,254498765;35,93960696;2,269897174;0,063158653;UP;UP;UP
371;1514055600;13700;13780;13767,49;13711,05;10,22005787;23.12.2017 19:00;13730,35;56,68148635;-11,87463513;-0,209497596;33,34879571;-2,590811243;-0,0776883;UP;UP;UP
372;1514054700;13733,02;13800;13800;13767,5;16,80032073;23.12.2017 18:45;13766,84;50,97570143;-5,705784926;-0,111931465;39,13991978;5,791124068;0,147959528;UP;UP;UP
373;1514053800;13760,09;13869,97;13869,97;13800;15,05870467;23.12.2017 18:30;13810,02;48,32129791;-2,654403516;-0,054932372;46,2552622;7,115342415;0,153827739;UP;UP;DOWN
374;1514052900;13835;13876,59;13851,71;13869,97;13,3258316;23.12.2017 18:15;13860,52;53,22898535;4,907687443;0,09219953;52,04795485;5,792692649;0,111295298;DOWN;DOWN;DOWN
375;1514052000;13801;13915,57;13849;13851,71;16,39743353;23.12.2017 18:00;13856,09333;52,49860798;-0,730377378;-0,013912319;46,47583153;-5,572123317;-0,119892924;DOWN;DOWN;UP
376;1514051100;13700;13850;13742,17;13849;18,19007294;23.12.2017 17:45;13799,66667;50,93094333;-1,567664649;-0,030780201;40,30595462;-6,16987691;-0,153076065;DOWN;UP;UP
377;1514050200;13740;13880;13855,25;13742,17;14,00219099;23.12.2017 17:30;13787,39;36,59172221;-14,33922112;-0,391870627;39,79358064;-0,512373975;-0,012875795;UP;UP;UP
378;1514049300;13800;13980;13978;13855,25;24,7902771;23.12.2017 17:15;13878,41667;39,07864485;2,486922641;0,063638917;46,70666804;6,913087395;0,148010716;UP;UP;UP
379;1514048400;13867,87;13995;13994,92;13978;17,65540876;23.12.2017 17:00;13946,95667;52,24543559;13,16679074;0,252018011;49,07664602;2,369977981;0,04829136;UP;DOWN;DOWN
380;1514047500;13852,61;13995;13922,74;13994,92;19,70001616;23.12.2017 16:45;13947,51;69,17436677;16,92893119;0,244728387;57,20119426;8,124548241;0,142034591;DOWN;DOWN;DOWN
381;1514046600;13786,82;13936,99;13914,5;13913,89;20,78828172;23.12.2017 16:30;13879,23333;77,76450091;8,590134133;0,110463438;57,1658963;-0,035297961;-0,000617465;DOWN;DOWN;DOWN
382;1514045700;13683,7;13937;13683,7;13899,98;25,19739675;23.12.2017 16:15;13840,22667;75,29529725;-2,469203661;-0,032793597;54,86339085;-2,302505448;-0,041967976;DOWN;UP;UP
383;1514044800;13655,09;13859,38;13859,38;13683,82;27,73336885;23.12.2017 16:00;13732,76333;54,79916893;-20,49612831;-0,374022612;53,18923674;-1,674154116;-0,03147543;UP;UP;UP
384;1514043900;13664,06;14091,14;14091,14;13859,09;44,2145023;23.12.2017 15:45;13871,43;53,12311272;-1,676056211;-0,031550414;54,84681626;1,657579527;0,030221983;UP;UP;UP
385;1514043000;14000;14264,69;14264,69;14091,14;31,29705617;23.12.2017 15:30;14118,61;71,61496331;18,49185059;0,258212107;59,94567565;5,098859385;0,085058002;UP;UP;UP
386;1514042100;14100;14289;14205,53;14264,81;33,54895707;23.12.2017 15:15;14217,93667;99,70530606;28,09034275;0,28173368;62,79862565;2,852950007;0,045430134;UP;DOWN;DOWN
387;1514041200;14100;14465,33;14299,99;14224,17;33,78877986;23.12.2017 15:00;14263,16667;117,3587262;17,65342011;0,150422731;64,83928759;2,040661937;0,031472615;DOWN;DOWN;DOWN
388;1514040300;13980;14300;13980;14290,08;31,66175656;23.12.2017 14:45;14190,02667;135,3802572;18,021531;0,133117867;56,7269033;-8,112384294;-0,143007706;DOWN;DOWN;DOWN
389;1514039400;13870;13980,55;13889,9;13980;32,18880834;23.12.2017 14:30;13943,51667;121,78509;-13,59516716;-0,111632443;53,73584171;-2,991061586;-0,055662319;DOWN;DOWN;DOWN
390;1514038500;13798,66;13893,81;13798,99;13889,9;26,54451514;23.12.2017 14:15;13860,79;97,61012691;-24,17496311;-0,247668596;51,46290649;-2,272935219;-0,044166476;DOWN;DOWN;DOWN
391;1514037600;13690;13800;13700;13798,99;43,36294863;23.12.2017 14:00;13762,99667;67,23069812;-30,37942879;-0,451868412;50,33965226;-1,123254233;-0,022313508;DOWN;DOWN;DOWN
392;1514036700;13658,77;13757,88;13678;13700;18,35183127;23.12.2017 13:45;13705,55;31,63232073;-35,59837739;-1,125379882;43,45959951;-6,880052751;-0,158309161;DOWN;DOWN;UP
393;1514035800;13630;13718,11;13638,27;13678;20,54364475;23.12.2017 13:30;13675,37;1,374345145;-30,25797559;-22,01628586;38,09864877;-5,360950742;-0,140712359;DOWN;UP;UP
394;1514034900;13600,01;13773,43;13773;13639,26;21,61815977;23.12.2017 13:15;13670,9;-27,30421926;-28,6785644;1,050334534;33,54855324;-4,550095526;-0,135627176;UP;UP;DOWN
395;1514034000;13689,85;13807;13742,88;13773,72;33,17272716;23.12.2017 13:00;13756,85667;-33,938963;-6,634743745;0,195490468;38,59077481;5,042221571;0,130658729;DOWN;DOWN;DOWN
396;1514033100;13555,55;13750;13643,4;13742,88;26,324948;23.12.2017 12:45;13682,81;-42,75530017;-8,816337162;0,206204544;37,49135615;-1,099418666;-0,02932459;DOWN;UP;UP
397;1514032200;13598,05;13749,75;13718,31;13641,19;23,60640347;23.12.2017 12:30;13662,99667;-64,00781719;-21,25251702;0,332030023;37,41855317;-0,072802975;-0,001945638;UP;UP;DOWN
398;1514031300;13650,02;13888;13758,05;13720,2;32,13556798;23.12.2017 12:15;13752,74;-76,82864197;-12,82082478;0,166875588;36,79401209;-0,62454108;-0,016973987;DOWN;DOWN;DOWN
399;1514030400;13531,97;13893,87;13893,83;13758,05;38,38959853;23.12.2017 12:00;13727,96333;-82,04254084;-5,213898871;0,063551163;27,09373696;-9,700275125;-0,358026474;DOWN;DOWN;DOWN
